"","totallength","dMeasd","dMeas","trial1","trial2","trial3","trial4","trial5","trial6","trial7","trial8","trial9","trial10","trial11","trial12","trial13","trial14","trial15","trial16","trial17","trial18","trial19","trial20","trial21","trial22","trial23","trial24","trial25","trial26","trial27","trial28","trial29","trial30","trial31","trial32","trial33","trial34","trial35","trial36","trial37","trial38","trial39","trial40","trial41","trial42","trial43","trial44","trial45","trial46","trial47","trial48","trial49","trial50","trial51","trial52","trial53","trial54","trial55","trial56","trial57","trial58","trial59","trial60","trial61","trial62","trial63","trial64","trial65","trial66","trial67","trial68","trial69","trial70","trial71","trial72","trial73","trial74","trial75","trial76","trial77","trial78","trial79","trial80","trial81","trial82","trial83","trial84","trial85","trial86","trial87","trial88","trial89","trial90","trial91","trial92","trial93","trial94","trial95","trial96","trial97","trial98","trial99","trial100","trial101","trial102","trial103","trial104","trial105","trial106","trial107","trial108","trial109","trial110","trial111","trial112","trial113","trial114","trial115","trial116","trial117","trial118","trial119","trial120","trial121","trial122","trial123","trial124","trial125","trial126","trial127","trial128","trial129","trial130","trial131","trial132","trial133","trial134","trial135","trial136","trial137","trial138","trial139","trial140","trial141","trial142","trial143","trial144","trial145","trial146","trial147","trial148","trial149","trial150","trial151","trial152","trial153","trial154","trial155","trial156","trial157","trial158","trial159","trial160","trial161","trial162","trial163","trial164","trial165","trial166","trial167","trial168","trial169","trial170","trial171","trial172","trial173","trial174","trial175","trial176","trial177","trial178","trial179","trial180","trial181","trial182","trial183","trial184","trial185","trial186","trial187","trial188","trial189","trial190","trial191","trial192","trial193","trial194","trial195","trial196","trial197","trial198","trial199","trial200","ci_length","lower_CI","upper_CI","mean","tooth","layer","record"
"l1",31,17.1572023978486,17.3,17.3614523874998,16.1191779312415,15.8493225086586,16.4564116258682,16.5243899099511,17.6844855179039,17.7041299217479,16.6269263089411,16.481158396491,16.8849021052239,17.4636644661691,17.2234389361328,17.9475144999265,16.5310939673673,17.7384736293995,18.6699591922468,16.9211802247695,17.9334090104242,17.4228367540942,19.4999695934184,17.1846632198484,19.0383604052056,17.6423927725705,17.6960187824082,16.8009794363952,19.9778830941196,17.9186347003831,18.23360188799,19.9267313914551,19.302365185597,19.1968164453413,18.4379436209886,18.6381290599027,18.0266197354509,19.9797729136712,20.013730133597,18.0260211273167,16.4682826906817,17.8744385637388,17.6728350856867,18.5738606814154,17.9733759992849,17.8465366064498,18.801762183403,18.734461114441,18.934152904154,18.0272591943438,17.5898412226055,17.4850227339812,18.5829982647048,18.2506433606397,20.1213011066051,19.3969581438503,18.4357235745877,18.313065951346,18.0833847262694,16.3376528367992,17.6749069528391,18.0727580123186,17.3835754306553,16.9640329052479,16.4557690758588,16.4289543005664,18.2473682580834,17.2412805857446,16.9834500094375,17.9208930654524,17.3594083693007,18.4633550054424,16.6833194636576,16.9988287488761,17.0029501253962,18.2004588343087,17.4546289114083,17.9611297686059,17.7522613080637,17.0663274018036,17.3369666678358,16.3866643597426,17.1569774266695,17.5759502036925,16.2883157654389,17.60531958568,18.170962212131,17.4358541964114,16.7011858385801,16.9367785648372,18.196569804609,17.9500565758347,18.6348729192056,19.2023367111331,18.0201847978221,17.2680723681134,16.8937203007864,16.9081302072612,16.9439532363864,16.3255875813267,16.2058679850272,17.6040511082643,16.7575102575575,17.1000724348426,16.951901621611,17.6001568183881,16.9063419081431,16.2070942093996,17.1079473032232,16.1528533003004,16.1017448658304,16.1991970071756,17.4044564441811,16.3166715883196,16.3184570423883,15.5935804354462,17.4743240795166,16.3620557416602,17.3321622124203,16.0583022714456,16.8642868982313,16.9412480207015,17.5295342159268,16.9471889735074,16.9104255276019,17.5819288441378,17.209878258161,17.5633198033406,17.9303986421477,16.6843257442888,16.4196910904737,16.8873828084848,17.9911956687865,17.4120285347845,17.7644608534381,16.7324643989446,18.1273156156992,17.7541546479584,17.7507206003911,17.6343076899714,17.2319475471696,17.8712454027421,17.8386465941693,16.7883441848178,17.373008406865,16.8679494560097,16.9988436828787,16.7754604354903,16.1834325937615,17.6888889973161,16.2862328206102,16.3051004890912,15.9889697352748,17.0437606791722,16.5808855851734,17.4594146336075,16.4155676355613,16.4392883582915,16.2204676563439,16.7014675926499,16.3984093686447,17.2002410885864,17.8155484876168,16.0205749468747,16.2117357498526,17.5346872122038,16.729119088549,17.6578065449467,17.1121457493824,17.0200679792879,17.4420871065086,17.8088578618648,17.8021583751852,16.3542517116242,16.3845054104236,16.5798538994361,17.2850843005849,17.2475842891488,16.2683914353802,16.9758050583722,18.0076027599344,17.2211002625559,16.3545482063154,17.6043853304965,17.4263849776254,16.478914103089,16.8636424184712,16.4907297416303,16.4785496966861,17.9138930642038,16.7939107211598,17.3815418243737,16.1892767546002,17.4743735133089,16.1626256165133,15.8487834055224,16.8305939518697,16.8494110022144,17.2017560518521,15.8945834434936,15.9256027413069,16.3924085313653,16.942544486687,31,15.9897598655648,19.4973943071792,17.3233932783563,"tooth1","A","reference vector"
"l2",62,17.1572023978486,16.5,19.6455987040547,20.7089455451987,18.8594463832198,22.3366735488779,21.0737800209985,21.4789690947074,21.5480994163624,20.8069140380897,17.5489168920194,18.9134797625756,22.5187053338382,18.0597825940438,21.1006230701818,18.9812323793573,20.3003113627079,20.8735363322806,19.6202112460404,19.6585056048242,19.1161829781811,24.0614535357781,18.8849188881525,20.7904696319628,21.47719657714,18.9859237521141,20.4381234941323,20.5293410665988,17.8913667062851,18.5488506175091,18.9914941567079,21.5309128088376,22.2360300964578,21.2114540181495,21.0577861182753,20.3445253961119,22.0251685037974,24.0529539553748,20.9939206761961,19.7671156888476,20.7344517063691,19.7271134004288,20.6108078158119,22.4871267393104,21.2449258975789,21.3296915725042,21.1653497532805,21.3337274565998,20.4533060734389,20.6946503861983,20.2589469886429,20.6014121307134,20.8359816821072,23.3595231473678,22.7159984149643,21.7946321778971,20.9372573723737,22.5357935966135,19.0230585213249,21.7354033274789,19.3874894034804,22.2425628406713,22.991450736008,19.2875530349119,19.0587936840705,20.7919665273977,19.9096949547987,19.0684981945046,20.1795710026366,20.6492876942825,22.7650923313956,20.0484856649173,21.1079469679605,19.6637415174897,22.1184550065474,19.9184111648516,21.3865855184163,20.4119797653464,22.3783228512587,21.7455696312072,18.9642553289192,21.3772162672003,19.1575169879724,20.5099054395034,19.5265560642351,22.0346738681222,21.3897322058944,21.0657558065982,22.6454065990262,22.2875037549764,20.0509797845837,22.3082145177691,23.5934010152756,22.2341347450108,21.4815156914529,19.5946603710454,19.0729927836974,22.3638604618973,20.0919744349045,18.9700956558525,20.800234766092,22.0497215168194,20.7779534750495,21.0639630538305,22.7014203489872,19.5396704684691,20.0874110663768,21.3878196297924,20.7869900601914,20.8674279098961,21.2779962519305,19.115377293662,22.7678102106073,20.677098908951,17.9364806607585,20.7415845451387,22.469600203196,22.6894197831803,19.3102755593429,21.8680379993369,22.9414415193191,19.2976590431831,20.5300592817576,20.313191073355,20.3316508491502,20.6948424093061,21.2981614705354,20.4447227016332,19.9260605075482,20.342596411148,21.25962335494,21.0534024806386,20.4301218660356,19.9726049125187,23.6370551115748,20.5145801081357,22.5184416050924,23.8116096580357,21.4526531993912,20.410020946711,20.7540078882347,23.4015612491396,22.2770615894766,19.240265233738,22.7227470690342,21.7728688842345,21.6748164148151,20.578748579078,21.3486817030752,20.8619658176953,19.3271439118691,20.8552396423284,23.223757083829,20.9647173497606,22.5367440290038,22.8504765131332,22.4119736734281,19.8400138282839,21.0268521613861,22.3133606209674,21.2898295474682,21.6158256685897,20.7594994336101,21.1240206939643,22.9048071857751,19.8133412983676,20.6869876783707,21.6919423342599,18.9960163985015,21.149172833951,21.7484717531159,22.0232142912023,21.6786574148784,19.7044582722963,22.0964641363214,23.0550674864433,22.9709725076743,20.5386764867441,22.2981092344893,20.579150981371,20.865523094694,20.8257285556138,21.1150166387947,22.2324124088003,21.4341189835162,20.3626521164061,20.6915555732841,20.1405831198429,21.4818208765898,19.8031461330456,19.9538921011735,19.1981807021895,19.216850910738,20.3924801747686,19.6845802910159,21.32522661893,19.6629458247236,22.5319270620413,21.4939145553055,21.2492334334509,20.43070305281,20.7173987892002,62,18.0720092946304,23.4005102965953,20.8893636779673,"tooth1","A","reference vector"
"l3",100,16.2523152040235,16.6,16.7835585727751,18.7305079986921,17.6831983378822,18.0557165676661,20.6197737850644,16.8969848288392,16.8483407184872,17.8216850112735,18.1721084164103,17.8332116415897,16.6143051013063,19.0288592144941,16.301785548783,20.1263872205187,16.9871140313045,19.1460929706592,17.7410918209868,17.259877237586,19.3181851412449,16.3114135119803,15.6806696587205,18.7990497377275,15.7039549537181,14.2984177346201,18.0142736635825,18.4496523996063,19.3976790927507,17.614887779478,15.8132269219573,15.5613276117949,15.4193961335641,16.4992234119243,16.3397726765104,17.2431321783336,14.2577932509282,18.1229628216102,17.6650049701995,17.8496933539859,15.7864739845372,18.0520980908114,15.9847485457451,19.5929162182604,17.0763070080201,17.0921818819984,17.8422167532774,16.5066078855496,20.1453261264414,19.8201759430465,19.5507443916963,18.6814328034906,17.6270314217541,18.2010678658899,16.604161250459,18.755549703029,19.3453689462267,15.4578930514041,19.1553115838913,17.9069649630659,17.3687074591089,18.1211977366799,18.2128072692219,17.5031935994143,16.7817137120202,17.7635837065687,18.7740621584357,19.2177659700432,16.3135061501363,18.319514778908,17.6226855534162,20.7077380745432,18.4413303291804,19.9473783078295,17.666091221017,16.4437312864441,17.3906162296543,21.3494488698367,17.4052259808294,15.300877924745,16.5767441520758,17.6030835085596,17.093195444566,18.6278840398908,17.5514270541464,16.9580981506927,18.2460799436793,18.4428799122965,18.2675457360475,17.6810277603831,17.0392865106822,18.4288632496621,15.5808750408572,17.377898668723,19.3623897528321,17.0457980713323,17.7736053966484,18.4452048444627,18.1144150058929,18.4309292498815,19.6460687258611,18.1798503477805,18.7095943624105,18.2248486092596,17.8362273065474,19.9542884959111,18.9179696781346,18.7984576106765,17.3745549110636,18.2227311734911,17.427447519756,18.2094238096972,18.2407258800549,17.8892201569233,19.9620544432702,18.312852439641,17.8452926358739,18.2838270442282,18.891245250077,17.5436471240318,16.8476790706236,18.4101622654966,17.6804226484319,18.3827122517204,16.6328426990191,19.6257657910328,17.0483505528478,18.4807846019319,16.4721774769099,19.11981800092,17.5912130162244,17.4552914842575,17.3493885805694,18.4824687852122,12.6957473591281,16.964524227209,14.3763778593162,15.3996731734353,16.3240374513197,17.286725027593,16.6289794964697,15.2274179692982,15.7027877671432,18.3072740918756,16.3910768714197,16.6971419696546,17.6639260721871,14.214256893262,20.2791109132106,16.2270726907305,16.8690189229247,18.7647409499182,16.8384155178406,14.8638177773193,15.0570792260747,16.0694593193971,15.739081419214,19.0021291993005,19.1325570132546,17.8843584727666,19.0344793552967,16.1220869295074,13.8789875308346,17.8435511129323,16.8777327040412,16.709749878537,14.6521766056733,16.4446222365738,20.6613842679807,17.6922716823868,18.1382659893194,18.5486440028661,18.9183657997236,18.480202919799,17.1104865200099,18.321390518373,16.8944088506922,18.1028985984832,18.9136606372379,17.6046235772432,17.3108595027766,16.2041483460975,19.3335234973978,16.3928849234815,20.8142696649073,17.911206551174,17.0281348327797,17.0438279197916,16.9624234749133,19.8569301140711,17.3998711389933,19.8220405944399,18.7257776790005,18.3654499300122,16.8616323881976,16.7566857514501,17.6525725498354,15.9449057560882,18.1927406396757,19.4929928947988,18.0508551412688,16.0371944834287,100,14.3832728279751,20.2757662935414,17.6243204324543,"tooth1","A","reference vector"
"l4",121,16.7001563967873,16.2,21.8833196339512,19.8657428640654,21.0147634915349,21.1946601204674,20.5853488965883,22.0611304443809,21.3120806787852,21.3052255253053,21.7871972159556,23.3292588118025,20.1533049236743,21.3939455237252,20.2716019216271,20.6410194240804,19.2721501544086,21.1619459266911,22.6909107378563,19.1132151084904,22.8310795226864,19.0847999173134,21.0757775322475,18.1051157603674,22.6738102243473,22.7490195273514,21.3741288131605,20.1754613823665,22.035010576122,20.7450586514665,19.0215227338529,20.1314580661391,21.5501974986175,20.7424754347725,21.9224795552859,20.1802133241457,22.543821503239,20.8514784595243,19.933336892477,23.0905505334294,20.9810030688477,19.7633185247366,22.9383687152902,19.6535719424464,19.472180821269,20.64342231371,19.2891882198373,20.8975192673826,20.6825975316778,20.4712745570571,20.7534942510635,18.9061316129349,20.050330887191,18.5536288704041,18.5679334797383,20.8316343961956,18.4584005765962,19.5325865443687,18.8393959196716,22.6375868820462,18.3385931497146,19.4050745034287,21.0423713180476,21.2665406890988,21.9035839062506,19.56378243622,19.0030358421162,19.6627713297169,20.7794674863107,18.9243322180735,21.2557897791054,19.189568130807,21.1625518473158,19.1882820890097,19.615256507768,18.3648868169742,18.2959175234783,16.2482908498772,18.6768231602588,21.2128350218863,18.7082298612475,20.8251064778076,20.7860283311848,18.7172854437107,18.0890165385828,20.7654337840441,18.0573726388288,19.9214910947309,18.8416665319551,19.670715935526,19.634831245691,15.5756955438412,21.620467624051,18.0315158205788,17.7402225819699,18.8419878906516,19.2802000724693,18.0828328367134,18.9656147466246,18.8536596137424,17.0010358537671,18.9891957478729,19.4846738786314,18.464187956991,19.4368565634906,18.814961700266,21.1509243760428,18.2298621366239,19.1419072919876,16.123796184885,18.1598526140135,19.6317569339613,19.0370479405419,20.3924848367709,18.7621658998544,17.8483368994824,18.7778184893022,18.6181913129006,19.7238769416449,19.9991192909006,19.1393761022654,19.0799686930492,19.2499936923062,19.9925428221087,18.5377680405582,18.3959161291272,21.5190586061251,19.5724429694057,18.0926696885509,18.2519581864565,17.2394728669556,19.1260739388258,18.7172722135102,19.7538643962598,18.959875235662,18.0766633794163,18.2029069322065,18.8523934104272,20.9994041875282,19.9785195476788,19.1913837786105,17.7801990008564,18.9160119499654,16.9125587512604,18.979803497818,18.9103618520997,18.8822265750058,19.4474027775125,17.2714172099088,20.4860465952304,20.6909894317849,17.5823788280862,17.2660977612752,19.2920625439723,19.9190890286319,18.8704465511953,21.553180324147,18.528529916288,17.6635210062333,17.8081693995425,17.5240498770099,19.0789947473212,19.4509454929003,19.2211575162625,18.047193281164,18.253822011824,18.8510734839948,18.403699549637,17.0353196478444,16.7172877984469,15.6521793082476,18.4153371711916,20.3237521627266,18.9369145331583,21.0465202140681,19.9728742575922,18.4373090557727,18.6760649891069,17.2664436743832,19.3327074242844,19.2949201725312,19.069402888189,17.1999339077285,20.1445615201826,16.2226569812303,20.9623566192887,18.7297911063575,17.3588033952971,19.6266256493358,18.0847662032633,17.4349158438717,16.4730418796942,17.1211929386566,15.9314264504021,20.205441944387,18.927626273666,18.1309440777797,19.1925579093183,20.301554910641,17.7114701144913,19.8680144051403,19.3822531288353,121,16.2232978279464,22.6904832250186,19.4172398341385,"tooth1","A","reference vector"
"l5",134,16.4253035953237,15.5,18.6066496904092,20.2844211098177,19.4821490290931,20.4863463492294,20.7695410431119,17.4506536989408,20.7811387789199,20.5983100110103,18.2574917024491,20.6984398612828,20.8441474732042,21.5276992082154,19.6365025863092,19.8564082531039,18.3492093502653,18.2366361506151,20.556160158956,21.8413261983083,21.7977476475099,19.6828707355871,20.4244117782522,21.1250689433238,19.3938707098596,16.8496885360902,17.835514000801,20.7576150086699,16.2055726243709,16.6401887025735,20.9240414321369,17.5363410856101,18.2337498772597,18.836317748458,19.4007059726756,22.2603409164634,19.7167571453097,21.1118246069522,21.182663565981,15.1369214904927,19.8249475630298,20.5370873957462,18.2688932944184,19.0415189324653,21.7378224378918,19.4121261247311,20.8436470610731,19.2985407982844,17.9787350017361,17.9319454854094,15.7410119036301,19.4600282849065,14.8992409698598,18.9799593528201,19.418018193187,17.63986400202,19.1900646983063,17.3809630401948,16.8321377680225,17.209416472941,17.7378482304743,16.7108097901452,16.8134471585988,16.2128818928776,18.7611459480963,16.499725299633,18.1795262398965,19.129299985082,19.0627461924235,16.3292036716228,16.2022371266427,15.9356620259887,17.2765780187307,17.2681620467243,15.0726168301976,19.864408819906,17.5082758026751,20.4325187781897,16.3842387204713,16.4350905605228,18.7784291465564,14.7320638412796,14.1468443274779,20.1236619784026,18.0602372183886,14.7986171067953,15.9760177605928,17.7496951741076,13.5605590786463,17.901219607465,18.6275588011889,21.3154687880973,11.9050414619065,19.1622261819478,17.5517243864513,16.1255905014804,16.0291031024365,16.2915698680135,16.4975045728182,15.047711598776,17.4212175516473,16.9693127022668,15.1914598022548,18.3851615902236,14.0620571847063,15.4541193609759,15.0257939743257,17.9518623153197,18.3838069151649,17.2280792418678,18.0251477831675,18.0315242888139,17.3618154846316,16.6646323615909,18.8591456703004,15.5079051947575,19.214584600433,12.6623236585197,18.5558242608702,17.291506066245,18.9222221419276,16.3377726484732,17.8911659128109,17.3773928308139,15.4230392644855,19.0870671736903,12.2609440016885,16.9880287686813,20.7990107953711,15.6212537198687,19.8625847892726,14.6299271252895,17.9287814805621,17.7256740036579,17.1177744338389,18.6163859471869,15.3693158825207,19.2870655107512,15.046191364302,17.7714832077537,17.8022115032064,15.9675681540519,16.4056035927797,17.8270112251241,17.9720749755204,17.7488893087206,19.2224145058213,16.7600469239969,18.8437031091238,17.5362407428528,16.1488406386358,18.6647503187937,16.4021212520085,12.5164924222369,16.7753494832684,14.462989356617,17.7036030159263,11.5999723472359,21.4826093947474,14.0259766868824,16.3835698425403,17.9268389358946,15.0554171680569,19.5662987836677,16.6384508142529,19.3591361235699,15.9474285058807,16.2427576687448,18.6114899730578,18.1224406020769,17.9700507351392,16.4788682235583,16.9148909137488,16.6059197884744,16.989065518652,17.5359777069986,16.3729356726091,18.7827697704854,15.9326351319828,16.3449538615293,16.3287727453166,17.103646074709,14.8228211417376,16.403640461826,19.1285729179528,15.9027725237078,17.8487754608163,17.0307420215125,15.7199175662898,16.3532416134335,18.5973256777689,17.299657021686,18.6330835974341,18.3172064888826,16.8337340408398,15.7932922307433,16.7183953918064,17.3402564351212,17.8364040474278,17.8332488373674,20.1678844836706,17.4799599780332,134,13.5721945188522,21.4784308795812,17.6758319785491,"tooth1","A","reference vector"
"l6",168,15.5919056586413,15.1,15.6165956668872,14.8430383853093,13.9294860668732,15.0597975215197,14.3212335474112,18.3312671857116,16.1267032467912,17.7676055367662,18.0689157981696,14.346866318255,18.2015224573935,14.6169530514097,18.4599046331413,17.1770704764758,15.6194987147223,17.5015165809593,15.4522564930506,14.5742642389792,15.2512082034229,17.5769114188654,19.0479463367834,17.7512241888529,15.9039264996057,19.5272400992168,15.5995063870014,16.1302979063882,17.7663620404272,20.1453856968558,17.4695503782466,17.6942057661741,18.3397414839939,18.1429015310872,17.1405443308064,15.1898715314631,16.3476032946874,16.0635490672486,15.8693239418936,18.6021278358492,16.653380031217,16.4784807615808,14.838682766372,16.0851333328366,17.0857626052155,15.0734868554154,14.7615225314627,14.6844211358095,15.7147058204973,14.9964800199346,15.3954206616299,13.7147177354589,18.1830340721345,11.9942746984417,13.7717473034211,15.462972553842,14.7598770463831,13.8948663937771,17.3211018934078,11.8507505894158,16.7516879088048,13.2286799305634,16.3546204231365,15.1474890886844,14.6523413261049,12.7910629326786,14.4523775239232,15.1803720581145,15.4625476258875,16.2206630981119,14.0640664520005,17.2210040996796,17.7423541359461,13.7829404886847,15.5836779537075,15.3564652582999,15.1666842360522,12.542566360002,17.6423753059184,16.8696745406162,15.8444759066466,15.4470060569796,16.4301038811316,13.5248999434999,15.8652604934547,15.3088465125021,14.9387706607828,14.5161783233204,15.8469039228558,15.4840705983449,15.5810719950312,16.3614471193099,16.0958736370495,15.814118400452,13.2572463048518,15.4910450006739,16.1739626241612,17.2430357639941,15.9339728749262,15.1384437889647,16.0693322104361,14.8991285578904,16.1648032576777,15.1482638427466,14.5429887443003,15.8724779053576,18.448693010459,15.4964064691099,16.1545295883336,15.591934044405,13.8850239565989,15.4639940250194,15.4230205059746,12.7681759823277,14.4955645616864,15.6105041948811,16.617143260057,16.1556871871992,14.5678951098148,14.9942710235711,14.3921637071767,16.6101547452168,15.3597990786605,14.2368875995225,17.8746853233385,15.1547997517225,14.347725209184,15.4267531184465,13.8810472002129,15.5758827482996,15.8818609261462,16.6571806366009,15.3685161504088,15.1266558762353,16.4068632177793,16.0424857640111,15.4341631265414,15.1278206692582,15.6112667621479,15.0815545100551,14.7354282361351,15.5853842705475,14.1953504408668,16.438097138277,15.4057216007438,15.041515250766,14.0243603119113,15.6773512032456,14.4513480408836,14.1668585808275,14.2570867833544,14.48858494528,17.36464158533,16.554621277908,15.2403335031932,13.987994418636,13.4776386694611,16.0108262600385,12.1568447715459,15.930743605769,14.0241585588647,16.6854812205176,15.1888919996374,12.2019328578113,15.0894721766133,15.3759806999681,15.1891770907403,16.0629897071615,15.4720179508499,16.6374679917635,15.0780669649922,14.1324989973016,12.9324281918212,15.0212631090232,13.6009257201781,15.1430953127126,14.8308766241302,13.8132445088876,15.452172868948,15.2971070169227,15.9345327802098,15.6049444250362,15.9889302760169,14.6955034180196,13.8714193549799,15.6055534578157,17.0438009730604,14.133244386432,14.6625140284451,15.9608330923272,16.1841345545484,15.603904330004,17.4822275838352,15.3549422504035,16.6827564628966,15.8747312580083,14.0736782878516,15.790647645162,14.7909405716553,16.6529223638525,13.8357148242223,15.1536129022763,168,12.7687481560865,18.4459692222973,15.5488445848063,"tooth1","A","reference vector"
"l7",180,14.6986858398727,15.4,13.4575603248997,12.680722760708,14.6126608612705,15.4832876237595,14.7712631563839,12.9408534594433,13.000270558217,12.2581094602798,15.0444762982764,16.3900891333505,13.5713651929766,16.6553284765467,11.5618291198573,11.169179795702,15.9858446094743,13.0227571934808,15.7249400167179,16.5266033115176,14.3498746782783,13.8797424287529,13.0379406858227,13.7150296199091,15.3297821203512,11.8790964504832,14.5325108395716,15.3353913808443,13.7404362970304,13.4315990081819,15.243270444582,15.0369219057292,13.0875461623153,15.4207444798577,14.9140911798407,13.6157934718879,15.8672429160698,13.5598119628977,15.0554334694568,13.7996219339072,15.5673324380272,13.9622446284979,13.6505195223953,14.2505496437541,12.4197142780059,11.2289910325724,12.6257011211898,11.9138588910516,10.730762322114,12.516315922437,12.1819339767616,13.5492145780907,11.9180145769305,12.7274128929145,14.9715588639418,13.4867018729799,14.7611184589722,14.8781574143455,12.3037377141545,12.4958049005773,13.9524221420127,13.5694662933938,14.1960192394981,13.4154875992759,15.4992790927979,15.3007905822254,13.3618669374128,14.0874336750541,14.6387591998298,14.8989539623414,14.5030317959653,10.9358094158754,15.3327933101391,15.3533464066052,14.6514606349085,14.274742637196,15.6069957677909,16.3519250978266,11.2491391548846,14.5742154213621,14.4326533534503,18.5771036960727,14.7998249618027,14.2824656367302,14.4834403834784,15.2267759423051,9.61290890684156,13.4946134575894,13.7708595191217,12.6490025845126,11.1402942086912,9.56794685434647,10.2511232265832,10.1852718983181,18.1222604067222,9.39049062822457,9.35641876984137,12.1233070060786,13.1452282881107,12.639016122764,12.8742978309826,16.1600620685453,12.1163241623971,12.832837922652,12.5346371415166,12.9993211544778,13.7917313487383,14.9950455129916,16.5246423761207,15.8459971317138,13.3656480307711,13.4986275249693,13.2449249728874,15.9108052893611,16.1822013827306,13.3216965164717,12.1676472556677,12.6224550816715,14.1629327681256,12.5508051992028,14.4871522323045,13.2350592004957,12.8207790812681,14.1248299211342,12.9182313797887,13.9046267982713,12.2924522411112,15.7445337509032,13.2895509093914,13.294083500797,13.2633326142696,14.8804846602969,13.2007568616761,11.7250223600494,14.8656695123964,12.5375134225052,11.6434472602444,12.8313970798975,12.853922192195,14.6605055511789,14.3038974206824,14.4293459060844,10.5640636201142,11.6384086447482,12.2105824761558,10.1612113064079,12.8241521700053,12.356051636659,12.4351840244878,13.2822121900184,14.7253735589498,12.1970752498183,4.93911585103437,10.6741589678686,15.2836807657464,13.0185056614011,13.2976539077861,12.6827197145347,14.5442117789967,12.5611910436814,11.487508849776,12.9826855729914,10.2223978278524,13.4665586185006,10.0650060376865,12.2667887437674,13.9156472999108,13.3436011084526,12.766736497776,10.9118407862769,12.6298999557596,15.362182717768,14.6992013467637,17.1605215092168,9.56157947713161,16.2336620005225,11.255835603684,14.3119540332429,15.171132811354,12.7385631560901,8.66448729537023,7.98666635287045,18.406797594264,10.6072304404597,13.7767008191902,12.2257806283613,12.8786048987142,15.8499827543014,14.7877142137423,10.9550461201493,12.701630931289,14.0696635675652,8.69123425457367,14.7407125167655,11.2517654263999,14.3551094000801,14.8137626076928,13.3006030310174,13.185671577203,11.9122610996498,11.7493906217505,9.9719224872147,180,9.39476784944724,16.5265542881327,13.399866968251,"tooth1","A","reference vector"
"l8",200,15.7930109877042,15.4,15.9535456941066,16.0270969487154,14.7484153298775,12.1449996856992,11.7826035767326,12.087128062326,12.9177936255797,14.5624964160918,13.6290073375233,13.6360019252708,14.110003669515,13.8136650411127,15.1959748120359,16.0695105192582,13.6324166271386,13.43972435736,13.7165599433556,12.905476747464,12.8716271798679,14.6462679932669,14.7991935836816,15.2765838635189,12.7571633710058,15.2118661965194,13.0174403544541,16.7594793450892,16.0427472103395,12.0874426780161,14.6122971327647,14.0071210460743,11.1913056490351,14.3832351320663,13.3693366632859,14.01172545317,14.7239658157998,12.7867302175541,12.9257438644727,14.6775670348356,13.9764530666953,13.0563778303796,14.797321916354,12.0808488303421,16.3811756480785,15.5910955046764,16.2781972580083,12.7894962790724,15.8777382202564,15.0188049601223,17.7088271611556,14.1356233055868,14.5584900152981,15.4094087783872,12.6917142052522,17.3354047772726,13.0796481587235,14.6074558809454,15.62003413576,17.6091035206692,16.1271996194364,15.356383872865,15.2780456278676,14.4981594597705,15.1169221050823,15.7892473305065,16.6554708858579,16.1716176479341,12.7899400670794,13.3222044643221,12.7651747890214,14.5272124427567,15.5290355742184,14.8426852714662,15.1745850639913,15.2758528334958,14.7517932442811,14.2536570930135,16.9406634502007,14.5870322083817,15.9375701085937,16.2674859286025,15.5268429832285,17.3665819005607,12.8882866280752,13.7509472667139,13.9602662656769,14.27360012726,15.3742196926671,15.6842418140846,14.4822131556454,15.0520107307894,16.9499412419579,16.5250159925467,13.5837180263585,17.083248569162,14.9231708294223,12.3244809191922,15.3704188813098,14.511884721903,15.0352122819323,11.8963639443837,13.4116939711249,13.949320969113,14.1309331322171,17.1832507537605,15.5349379465573,14.0552006596574,12.8115683606324,13.6123123354589,15.4461424895279,13.9612625114237,12.3607081828047,15.1998511828671,13.3010542418822,14.395242496879,15.6315534854016,17.0805719331931,11.3639396867107,11.9021122311091,13.7141311929988,13.2485360245502,15.7838099184675,13.9046655517279,14.4935071256581,15.6901450244191,13.3934096068494,11.4162447553403,13.0646143612458,18.1082803576483,18.4061212414281,12.9693543716353,11.2880845824003,22.9913907356207,16.5782049567413,20.2334801216407,15.1041506344198,19.2471705645521,23.6125474231068,12.2333779479509,15.9927144552443,9.87120361575433,15.6348969594621,11.5218321589687,23.4150641815257,17.5322669526301,16.2279478136055,19.2597149524983,15.0008695438248,15.2521052054783,9.80102306972273,12.8807032683249,15.6279336931054,17.2709132240943,14.0104787225178,13.7208837957645,14.4347227156167,12.7057301342964,18.4481493380756,11.949449070284,14.5878346168601,15.3019341014657,25.4561140820877,14.8590348686457,21.1729247584091,18.998416538939,16.7835316908175,14.9591741875099,16.9079816841776,15.6601582999643,14.4113099295498,10.492163386926,11.2555669784139,17.7459338968635,21.6064085478366,12.9272156677842,14.2990211475769,18.5433610101616,15.9007892768481,16.669116247911,19.2555297157335,13.6836930644901,14.6342138622441,18.5268151691551,13.9603860876008,15.7268749612097,15.7969478903533,14.3725434151459,12.893348673085,14.6288687527717,15.8408168176472,16.2158201394331,15.2898843723275,13.187255880928,15.1250776049598,12.0337565951712,17.8246181033901,16.0926775839794,14.6478266650098,16.5905193590264,14.1567926786609,17.3808854959515,200,11.289980960008,21.1494386424899,14.9832808185786,"tooth1","A","reference vector"
"l9",240,15.6380139586025,16,12.7638966032224,12.1524594804418,13.1278582881511,13.6114996236632,14.2659324294534,12.9179950530045,13.2456291986991,11.2234725507184,11.6426268937818,12.6854772542574,12.3036101647065,12.1303470994529,11.6331240231934,14.7884559807618,11.0175717819697,13.0568809632755,10.0961786556321,11.3013205258442,13.2956262615934,11.5590167814314,11.6323181247939,12.4420910940433,14.6877586271045,13.6471883710887,11.839792670267,11.4493725517589,11.4764979352952,14.0208130924637,14.4927031949557,14.0423360381016,14.7434640168631,10.8481536685415,13.8205941707272,13.3909613047417,11.6009651269639,13.0588187705447,13.3728099836191,12.4737240103982,12.7258091694038,13.0756677549197,11.5381577228964,15.2402271916419,12.3087453386708,15.468862488609,11.172628770957,14.0301388110921,12.5057893227086,14.1139232320228,13.4052789623504,13.227558480916,16.118140803827,12.9313763734435,15.6956944065367,11.4886274238347,14.0265744672878,13.9457041355318,14.0124728836463,11.5699737941746,12.2835932753933,13.6978942543186,15.4425468019313,13.2562505394096,13.5066598520695,14.1098640716321,13.7362711926145,13.5594059105924,15.69840566876,12.822831372769,12.7705254899859,14.5668866491072,12.4929805303709,13.7156683816076,13.6916679545297,14.3005745493416,13.9140715592284,13.6398902330768,13.046115735725,14.0420123403308,12.4605488687403,12.2168361245853,13.824047831838,12.8166573698858,13.8124362996514,13.3891868961636,13.9354376734306,13.0830409737381,14.8796874533921,14.3184056598878,13.9597818051098,14.448064450094,12.0276699680637,10.9068906699978,15.4333441887425,12.8778980434285,13.8958643510508,13.4568015673267,13.7168008881554,15.6775627570249,13.7826262637368,13.4105005699602,11.791881906755,15.0299229442497,15.0295235119504,13.5388090302424,10.335549742753,12.0440478505167,12.6515083189203,12.1647991336476,13.8751790429969,13.9251240957372,13.2085996514118,12.4448129990981,14.1569664359903,13.8147480970502,11.4771854107711,12.2545990137287,16.6432645476066,16.8671436295027,11.6211598126808,13.7210515090033,12.3704103936632,15.1266291682712,13.2778940835001,12.2194820307524,13.5734515998282,11.8973086483612,14.2438314469139,11.9819607386147,11.7908550824427,11.6562679506531,13.5281850028507,12.2437511739252,9.95706571302114,11.8890997308226,13.0256356274759,13.350151843108,10.0910125660587,12.1314962407028,12.7641232710809,12.7165233832834,13.2293149610909,12.8687026412168,8.52543530893699,14.4685625659449,11.6505619921223,12.7701751592543,13.4985500589754,14.441887795703,15.6645496797807,14.2911446855402,12.1313272884041,11.1459037307639,9.45001082263737,12.5727314218056,15.0739144173025,14.4290493844294,11.8767038077234,13.8010409695608,14.6085399123036,14.4416096643452,12.6268320762998,14.7519691883613,12.8322311885333,12.5511493848441,12.9811751019501,13.2091472951731,11.4635067123702,13.225260591646,12.580814368282,13.3029122134384,14.3988314546079,12.2843949191841,12.1078079800777,13.245264556272,13.527119210348,13.4642462380608,11.9256912452542,14.473979270335,11.4124158057895,15.1877269281284,11.2514807518091,11.5625979035965,15.2853057475467,12.7307275391296,12.3488678496064,13.0664726130136,13.2323086610387,12.6944213772016,13.1058556440155,11.4942014583907,11.1730105475395,12.2282738684741,11.1994371628933,14.2963676506298,12.0378255799155,9.69285579377271,13.3588711802376,12.2411414549402,14.0111004434563,14.0271141542512,240,10.1021629328102,15.6952411152989,13.0924968151168,"tooth1","A","reference vector"
"l10",246,15.1859474762868,16.4,13.9618189052575,14.2456052684446,13.0961487323061,13.4576581722472,14.979455133114,14.0059489420029,13.3160089270822,14.4686722854574,13.2330257200099,16.3044291941043,14.44141281055,14.5043383077598,15.2034476617223,15.7567027431445,17.2834632091402,14.062981220661,18.1707584749503,16.2094125053095,12.6471415534061,15.3008076604365,14.1684969463871,12.3196226484975,12.7631764853425,14.689045099358,13.6029520353179,12.3659654387413,13.3177454719232,13.3323492889445,14.6104376405158,14.9777566304475,15.7769321826997,15.5580644194882,11.9554840799052,13.5903974602071,15.8502481905606,13.5629693163159,14.9388905864801,14.3134904026192,14.9938405616716,12.4269754892617,13.9640467758615,14.0135471257808,14.7084265937743,13.8226607126641,14.9449288536554,14.3276646078047,14.7375018228158,14.4093620594079,14.3718688980638,13.7374301983202,14.1921801257594,16.4842061868919,15.4615917072204,15.0510256768188,12.2408938891468,16.1002525418685,13.7847845182293,16.6859914176984,18.680728831546,15.0665235829537,11.8739786017979,13.6592104653962,14.7538832502581,15.408135072014,14.8030831698955,14.2933180305564,14.6460630342547,15.7435193548769,15.3926115755645,13.9798686643912,14.5087955041705,13.8888275090897,14.5172185295084,13.5361366153066,13.5961599991984,14.2987309759195,14.534044361733,14.2349464228732,14.5696795849781,13.8431593584971,14.5723367605888,15.4821097122151,14.1648948232545,14.3146950008088,15.3506159471038,15.2093368177127,11.3963247974266,13.7337968234326,15.9095755988856,14.167632917519,15.7579463056599,14.3667446896942,17.0341235490804,14.3859854562486,13.133392736497,16.4811605628863,12.8190641802412,12.8577799497306,13.5719184760772,14.6267129180244,14.048086031665,14.3940588879582,14.7461898993278,13.9668852510776,13.6176222368314,12.8851646732612,14.8895034841124,17.0940970942019,14.9658929227863,14.7030170853741,13.5350125001463,13.6677197940928,15.0228431355306,11.0573315226479,17.050021227504,13.8155458370656,13.0989683007449,12.3318417364798,17.0980681991956,14.9720390693625,12.7255728883936,13.109631241813,13.9914587919865,13.9946330979004,15.9207689707663,14.4026293960109,13.4593275005987,13.9748144684237,16.3096757140736,16.1161787980984,12.7586781570613,18.5178693659355,18.1472833692119,22.9752649185552,20.2066127655778,13.4413579169818,15.1451695830317,17.6230621070311,12.6795014303098,14.9615482284118,16.0953008339172,15.4517435066983,16.2236964487256,14.2498834050534,15.9056883359529,14.1442837871846,12.5438372987018,13.4817451840932,13.5502552075296,13.4937100696008,12.5048446808874,12.7464933413616,16.8041959842507,12.3949896401866,15.3636649336836,14.1411442184785,14.540291932214,13.512441673323,14.8859459970048,13.7973339313154,16.0708170963616,14.3562728896299,14.3970466229285,15.4857963710806,16.2103484454364,13.4230826079669,15.9619787059811,13.7834250619261,14.5731807561119,14.2642167847225,13.0162344618074,13.3949010484574,14.3277052482006,13.5622869318252,14.2232432436166,12.0593361527598,14.1630099627384,12.7551722508697,13.4767295962722,12.8265047815316,14.3560944177645,14.4063321417045,11.590863351312,14.0429382058566,15.9691485561099,14.893186679255,15.6127883941168,14.78013780302,13.6167654237023,15.1356349066251,19.900081675792,18.3988650372698,23.5346922648883,20.1556217473902,16.7420485115214,17.3537852948041,19.0793757146384,17.5819898976914,13.5255767862168,9.30012438378282,246,11.9580803817266,19.0694095425611,14.668875929362,"tooth1","A","reference vector"
"l11",261,16.3864063918358,16.8,14.9756843037672,13.1400994520094,16.8921801940545,15.6694638753724,13.253751095803,14.6825648176872,13.9244444292245,15.256155521531,15.7130330519302,14.6080595511307,12.6213014990424,15.0021579329777,14.599861427941,12.8714907981284,15.3860129319069,15.1434937028498,14.2950679334113,14.8500685414371,13.7057048099772,15.2602860662231,12.2602324780061,16.2051593750114,13.5671215122522,13.0396265900379,15.2642971958088,14.0157148280426,12.3307090069644,15.7209796559337,13.6935533681957,15.0772932542944,14.0923572588096,14.6696184212677,15.1755948244187,15.4538436571867,12.7960435001743,17.7361445905647,13.6428122590134,15.7047089144168,13.3041327640721,15.9668065903471,15.5900309999059,15.9318161405918,14.5204385336317,15.3634092180676,15.0986946537237,17.4417920320243,13.6231361250744,15.5708796080623,14.9756749355992,13.043848051736,14.5269742687343,15.7326840726885,13.1218650161687,13.9466880216615,16.7502319679773,15.6470152739942,15.8133769686349,13.563340977443,15.1765575585141,14.9791642059895,13.3435888099016,17.7015007533905,14.2017027008038,13.7194941558321,15.5543015687115,16.069067129356,14.3231589904134,14.6563095979074,14.2402288287569,16.2198066477059,15.152032514671,15.5543524029231,16.0291163029779,17.1983962741086,17.5675594502085,15.8179090713681,16.94297420544,13.166277416419,14.8479541446655,16.6354381774725,14.1701155167434,13.2989796056812,14.6852023526445,14.1265707981218,15.2196725220501,15.0453346964324,16.6321142285028,14.9240890734563,16.6638245782344,14.1619268197793,14.4004163252165,14.4716996998632,11.8390511116775,16.9587551454807,15.3016576607709,14.6891701166479,15.0358124413787,15.6602457544406,13.6500040230472,13.5378370179221,15.5271302295659,14.6580855699444,12.7541585360823,14.6353599250361,16.3060786771441,16.2923504232647,15.3163813027861,14.9679040461461,15.2447750821624,12.473061713262,16.4745959432174,12.9570855964749,13.6514958627241,16.7644950483599,14.0228384312412,12.691693647169,14.7498300051877,15.4384612412066,14.0428141286543,14.2013664335796,18.2013360186377,13.7636340445046,13.3624741054577,14.3425278738321,9.61209173765209,14.5172852182559,16.4814878377128,13.678757819283,13.6352782078027,12.8958049977925,15.2245247188099,9.46584243380005,10.1864684296904,6.02483712423301,10.5580629288927,16.1240566019754,14.946059180609,14.2333225664615,14.9208031660278,14.7673338007172,13.4834159235014,15.6291250831181,13.4379649777943,15.0043056444164,15.3353937598955,15.1862071119406,14.5417684871507,14.1887540823252,12.7085943030953,14.4067540426163,13.7123128612049,15.3588786165676,15.5489569785711,16.5210227809729,14.5277201225325,13.9378002881143,14.7330413070089,16.7206704947673,14.1259762121526,11.71252280182,15.3163038834804,12.4135193271768,14.0294605920908,13.0533446546659,15.7329914705025,15.1178981873566,14.6292613657887,16.0602594328599,14.5960101000394,15.8142278309295,14.0230065902318,15.8694309220362,15.0282034550467,15.4455487512764,15.961478449021,17.8922139522312,14.633010029416,14.8137973039336,16.7798936613312,13.3460322418044,13.4236524915639,10.4194710629409,15.6133785360108,17.4717051139981,16.8898127809578,14.9358296895438,16.8435893982152,17.5447538468539,15.2075303159686,15.188573610362,15.1693947785966,15.1185928054569,13.6333548237079,12.8456629008555,17.3567227665599,15.294854729701,14.5924573800323,13.8732084855801,16.7612820685194,16.6496883646826,261,10.5869244257158,17.5429276285325,14.7272665857458,"tooth1","A","reference vector"
"l12",291,16.613573886761,17.5,11.6889903939219,12.5144655841788,15.5152071502134,14.1580047795451,17.4750349394068,16.4878615287565,15.9618055416907,12.0445030814423,15.549157946436,14.0581211996677,15.8795174697298,11.7868292721886,14.4610386462321,16.1528885896319,12.608977847045,15.4193712885895,12.0935642008074,16.5154878606432,15.2078392506648,14.6859413203095,16.1724658940751,15.349913005244,16.7805913753597,15.7057062829093,14.5336598426631,15.9618445207638,19.6619019851352,14.8330542474719,14.7494008695382,15.2745254626325,13.8094866075772,15.3667874715032,15.0264396030316,13.7677406222678,15.1625374396988,12.8975772129903,15.2603745987409,11.9365948568208,16.4489606598505,15.1758087826623,17.1178025808559,14.8196933705081,13.8826511525823,14.6530853863687,15.1026705940252,13.7816530938588,15.8450648372272,15.8381109416828,12.89291513571,17.0816605248765,15.0535054207811,15.425265576799,14.9700166321298,15.9055079955182,15.965150380545,14.1150072015228,16.0826113568524,16.9055111200129,14.7632172495992,14.885825067473,16.329076721479,14.3811833440634,16.3086757275711,17.3882505655204,17.5422509748817,15.0145472480905,17.6111491161423,19.1812723109901,17.1087623827946,16.2476315684686,16.016626280337,17.6595919569825,15.332633379234,14.2142418278777,14.5113636359879,14.6277792239604,16.5784121060378,17.4662158249315,15.8258619653511,14.2631399042842,15.4092378735342,17.7456338786622,18.1751800002319,15.8284081255565,15.3689004155761,16.4903331036637,13.2525381111421,17.3265552676879,15.0011709606159,15.8295012221922,16.8936057584361,16.8693976299796,15.7986570600692,14.3821602658273,15.5397580731144,14.7269951456753,17.5450575845609,15.3070364959498,15.9142738176973,16.1264324870254,14.1215145883748,14.9658228455882,16.9510883896574,15.0029288819511,13.2944027028507,15.7637836457458,15.2863276395494,16.2519100984731,15.9982162348022,15.9712326692608,13.4294311923525,15.8553771018669,16.4954665564957,15.1683558690431,13.145771932126,17.1239706171694,15.8868080194808,15.0967070831406,15.8468303762322,16.692560501844,14.7255026748234,16.65907995206,16.7067123865741,14.2084028284551,17.7125207855285,17.5119629006342,15.6339231485465,15.8226652614801,14.6813986107783,15.9704821880963,14.8599493803576,17.7611947298676,16.4414412450534,19.5895951622442,16.2155717289385,13.9602508945225,15.7230321557341,17.4321401515237,15.3627691863887,15.6561527067628,14.8431356855739,17.9716002601873,16.359318507144,13.0564673905291,14.7056072828525,15.9400545862555,17.5476243889795,14.4403986563997,20.0525404136755,18.667720591812,16.5052533427893,19.1517112580714,16.0088817146439,18.1910332643251,16.3909990988333,18.7042038806158,12.0456098168949,14.8069603302345,15.870185850794,19.5285277000031,18.8659836890812,18.2918641184741,17.0982740973212,17.8025827405261,17.0579142798812,16.1406979813333,16.1553775698505,14.7531977320761,16.0773070331692,17.1991986557272,15.6142158135974,15.5157945340245,16.5601610048396,15.9658330618493,14.5697486038341,16.112124976816,19.5725431841918,16.7034942113819,17.4239689394895,15.8498630204237,18.0909684292902,18.4919397396358,14.2213957105947,16.5289637330797,15.0630516512277,16.1595912325023,14.5781459157104,13.1727635959082,16.9463434801355,15.4117137089003,17.4292222768575,13.3682594448509,17.2110155359028,16.692190919253,13.9458054524861,18.4715875099454,15.3339291683445,16.3523320144145,14.1026561470975,15.905150290589,291,12.1040867353917,19.1805332846671,15.7874170214332,"tooth1","A","reference vector"
"l13",303,17.4837552178544,17.7,17.5644756963265,16.8605213847286,16.0837235648954,15.8977651638405,16.2432014996013,18.3237900622363,16.8060749098399,18.5409850136831,17.7297445914842,18.8909009974789,19.0690250951779,20.4606384623818,17.7031294494487,16.0305981588701,18.0048588825744,16.9116844770776,19.5795887264269,16.0224714991675,20.037013105988,18.2771293526132,17.0956626070991,16.2936798723579,16.4675902288469,17.5666721850863,18.7141339953342,18.5395979871592,15.720344654182,14.8613856592654,17.8855366094669,16.4930656863245,18.5534809614487,16.9622660622956,14.6842936536943,16.2215691339832,16.5352114991462,18.5921895444464,15.8063766491411,21.3651284282405,18.9692398273098,19.7046806290219,20.434068355305,18.0763100643951,19.0062573843556,18.0979112327505,18.0735174308733,18.3190070540651,18.3624672434788,17.8167866665638,20.2705755324985,16.531217462066,18.7499375998164,16.989244290653,21.9366553081314,19.4536817489518,17.4592529452833,18.6438670049872,18.5590392663436,17.6038485999719,20.5174850993991,20.3953592689831,21.3213586016155,19.3993290566725,20.0450085547695,18.4765392732547,18.6576307360384,18.9554892232795,16.0641203038116,17.4314769901512,19.6965050954914,18.7062953513366,18.7929561805329,18.0843283281576,20.6527057607898,22.3128615580759,23.1163260696159,20.3993616916167,19.3052632440704,16.4715376032235,18.0006451647645,16.0356544401307,16.7478243156235,19.6750947150373,19.0129599700544,20.397348600458,19.5945913892074,19.9086314462198,18.4977807131648,19.3729486241594,20.0950330413333,19.684711644574,18.3477854403869,17.8748719416125,19.092734738729,18.0913392114032,18.1659077059709,19.3866508865507,16.7469952409631,17.6434565446146,17.6275255538874,19.9923581224481,17.0894761714375,18.756174970858,17.7657271116129,17.4661465654759,18.4441123747524,20.1332130116928,18.9868515237909,18.5851959122759,17.3496743373416,19.1662611546848,19.6930785346673,18.3839892285998,17.9798926401353,16.866901667199,19.6769006949336,16.5455694059356,17.5056991626992,19.7520465893178,18.258180398268,18.3736377433573,17.4535296091628,18.3027687102953,17.4028769244213,20.6154730323245,19.1176772897197,17.0364125803275,17.6408736795202,18.7731568611653,19.7114371042643,18.8555722454201,18.2726786077625,18.0854379935757,18.0863983345015,18.746266363512,19.529424776722,21.4359834866955,19.663408851488,17.2560294940374,19.8271899245936,15.0526371554585,15.3060067362378,19.6180238904025,20.1819492423883,22.5754509205224,20.477239558413,16.4105133115394,16.5293542515105,25.740866191108,17.5806351307304,17.0675020522914,19.9598682048508,17.1391381896582,20.3999866734313,15.4722882962056,19.9620047150781,16.5359688679998,21.7188663263034,20.3131705101457,20.8872286074903,20.8905891693862,19.3470283796033,16.6212150581465,19.7744789719715,17.1849931663973,16.6829532093261,18.6216441832153,18.3563115672861,20.7725154327715,21.1460585577785,17.8570945675432,19.2328681051568,17.2318599381507,18.2014155524208,18.5734129396958,17.7769236397064,20.1954512847391,19.6356407990964,18.6313235942802,19.3073659433186,19.7056855465046,17.8403116121454,21.0650987397419,19.6892101168622,21.6945341697397,18.0690970489034,20.2996027942743,19.5288379508665,18.6999377210435,17.9986387855608,18.9305479614846,18.7296972165132,18.8681053483019,19.8149761096351,19.8819066729103,19.0516835281426,18.8905604880874,15.7715295203913,20.3299560488701,20.950199050571,20.7488688163318,303,15.7216242758372,21.7182580223893,18.5868899357693,"tooth1","A","reference vector"
"l14",328,17.4000876029646,17.7,18.0520050525709,20.4805131801621,18.0485971631635,20.7358452510065,17.3678211646653,19.1953907172559,19.1780828204584,19.2960527340813,18.6078566713799,14.9466013471425,17.4836106067384,17.9027474977153,18.5949753996406,21.7812749354911,19.9777290391834,18.8194995671849,19.69338253578,17.4298755583553,18.2665999941009,18.6314022671932,19.2955260458792,19.7237400410742,19.7371787434989,19.7182740442788,19.6036223708957,18.0170444823928,17.7259760301565,20.8785428481441,17.9011597032346,18.7209066330587,18.6186223633791,17.9967900538865,20.8334198915985,21.7298160632984,21.8140299372503,17.5373801594947,19.5464448830383,16.3062564798293,19.3978763527022,17.5318569195999,15.6124258420951,17.1133354848996,18.9485883294538,16.8967401567615,16.9206644009592,19.9734917131395,19.0595458880617,19.7895178973118,18.1324505175484,17.7424088383247,16.8694545614708,21.3151438325589,18.5485511312071,19.6084604955988,18.3955684168056,20.001327051859,17.5448255038859,21.2383004912513,18.8539224411243,18.9912090809227,18.5336206238325,19.1301010643349,20.1866732862227,19.2395565765137,21.2295627788807,19.7803195627022,22.9182191378538,20.3300813046445,16.5019066241161,18.068423484851,13.5676659879775,16.3718693092379,18.714286601178,16.4202652432975,18.6341212375964,20.3495915249941,18.1399002717662,21.3360318385073,20.5886154184911,23.657058760568,24.4501250699792,15.8212070889883,19.2423323629338,14.7115911914201,18.6437759063574,14.8242891231574,23.7206088296095,17.9447100995778,15.3612571467044,20.6695409441134,18.6539627506643,21.7128433893311,19.0250325366833,20.4439941749808,22.2197327577165,19.4137538853756,17.5049997593249,18.8484810586245,19.610758624632,17.0948815657282,21.1274423999115,19.0792416833651,23.8332435128292,21.301259904087,20.4382143123582,19.9662363543243,19.1819231608133,21.0068353014252,20.6761340797774,18.6841694929712,19.397274506205,19.4504291888246,17.8695093487313,20.7854271415132,19.5075890682762,20.6259792133031,20.1522709661139,17.1640385089529,18.7900197494971,19.9035333330687,18.8685228260144,17.9528847092015,19.2866871612018,19.1032982883168,19.8284063715238,19.3053967200823,18.9517062560385,18.6803970007287,20.3545158996687,19.757012747562,17.5034471797936,19.4707865992703,18.4167726127989,17.7432606974363,19.123955462766,17.4531104135625,19.3023753982744,19.41030206307,18.5942317013433,18.8603643633358,20.8438153423044,17.9044537468644,18.8184305626438,18.8024327638561,19.32977329607,19.0799797944448,20.1968282527286,17.0620588073914,19.14546523187,18.2785048821486,21.1053843443999,21.1497055530842,18.5239207881135,22.4508798040804,19.6386424827458,19.2927266566334,20.8310857655791,18.4475012849782,19.327654075994,18.470373261264,18.3630917629798,20.9025147497111,19.9403094822427,20.8829739738469,21.6075217113851,20.7366588775919,19.8874697398804,18.5656975379886,22.9555100720268,21.4167134244253,23.6382068118262,19.2850282063082,20.952436195033,19.965980446768,21.9018817639663,18.481558223347,19.1877443779414,19.635298549962,19.4478087220908,19.5479059143227,21.2948430770768,20.4379992858285,19.5294258740588,20.5671434019679,20.6579329488877,20.5784022227605,21.8377834749032,20.1890216331772,20.9489617971746,21.3588670569221,20.782751076908,22.3774609510487,19.4470439033513,21.1521721169946,19.0355949459874,20.0707140152372,22.0176356779379,18.4258410736534,21.1334021129357,19.0677317974949,328,15.6176453732674,22.9545777986724,19.3624601857184,"tooth1","A","reference vector"
"l15",338,17.4218191699615,16.6,21.8562311073382,20.4660455506162,19.292118900526,19.467389531539,21.3846836291591,18.7589285045786,19.9859589832307,19.4643777869563,18.6654359679928,22.1216660661216,20.6807435393216,19.9163226156476,19.3405105518197,18.3310044360648,19.9766569995304,19.1242799706631,21.8070143087292,20.003012434427,19.149869206552,20.3414069510688,20.3319240521195,20.1145509249011,20.8807527105166,19.4240357906993,18.7927697033573,20.2092948793648,19.8439906070205,18.9865135782528,20.761425437052,20.0783191459564,20.6651363493894,20.1855510542334,20.0669729550923,19.322858553425,17.4187234846843,18.8482531651327,20.8812878389746,21.2246852117107,18.5086231068826,19.6464835421797,20.7695643343105,18.9765954180051,17.7860562872916,19.4409087995936,20.647124700388,19.5543774117826,21.7258760553592,16.4077431648435,19.3800139515409,22.3476388042364,19.9882611170557,19.2630961761548,19.3341754509788,18.2022568151232,22.7278141119683,18.3244161690588,20.5216755952746,17.3936539934351,17.0627759754428,17.1073828483836,23.0044475863113,18.1111735485166,15.1049732618782,24.0766100820638,20.1395830851092,18.6964079883934,18.3008687602633,17.2313493622017,21.7805094344915,19.0357700811677,23.0914361397095,20.7053859324381,19.6045303011536,18.4441094629058,19.3062757889681,19.0924433953258,19.7493977644711,19.221131145334,18.8383127249837,20.0295206721236,18.8284810168022,20.5245393550862,18.9214713030976,20.3509044031629,20.6458297204705,19.2927105141621,18.6557436038694,19.6545185880672,19.0610694472254,20.7680902772411,18.7800489087438,19.830609184892,19.4233047971734,19.6996169588847,20.7081921260536,20.4373655840694,20.3897267598025,20.0301458177164,19.5029864469003,22.1033095250121,22.5777753720885,20.3973275208661,17.9022415745426,15.1022764674536,21.3374748460044,22.6539039428855,20.331542914123,18.7137323168325,17.3326023995282,21.4239731018046,18.0108172486838,21.4751262343493,21.4124151727057,20.3339875912857,19.0290007484624,20.8942506237361,18.5490197309082,20.556683685319,20.5273682860893,17.8352555771709,20.4119315401605,18.9506057729792,18.6455885316819,20.9411971060407,18.0494369075123,19.7653608336744,17.5605808309885,19.5336215254829,19.8335688081698,16.8768427358438,20.7707815767078,19.1151354757106,20.465703279359,20.3255693937459,20.6719866098359,19.2060940202521,19.5251839966984,21.4966829137835,22.2016974589734,19.3773879821898,20.0243655480662,21.1466588766068,20.1972096951772,20.9059083516657,21.4134130363543,20.9564713611957,21.5404716549372,21.9245325542447,18.3338812065364,22.479783770836,23.073105931673,23.2261223935192,22.5231279998878,20.3262715961175,18.4542279617384,20.8716334709006,21.0443553736175,23.9623126496993,18.9835890070397,22.7132057199816,22.315942004589,18.7592496799028,21.5134292403882,19.872755782729,16.0040629347203,12.9206062021957,15.1109723846002,19.0732623096681,13.9877839697599,13.5663060274526,14.2284262885949,17.3777729388677,15.9411746682456,18.8904135492294,16.2410642728974,18.1273974939527,19.6741195736204,20.046097269964,21.2216776596262,16.9175117321034,19.0953055168104,16.5962102216884,18.2561926993707,17.2066595808046,13.4556214271708,15.685162345554,15.6511327319506,17.4083912778944,21.595781123481,22.0683574661917,21.8922500555542,20.2017788314915,20.1706563500209,20.0998844419524,18.4350861115503,18.9754141401904,21.8376600460603,23.9124631217845,17.7211280410088,20.4534301236142,338,15.1023438873142,23.071389473039,19.5802619247076,"tooth1","A","reference vector"
"l16",347,16.9242917354254,15.9,15.2498490441766,14.6237751840277,16.5501348459891,15.44107620928,17.8091476909435,19.7287778759564,15.7162396971378,16.8974198433771,17.2089970278556,18.5774630922943,15.8240523206013,15.2582173444527,17.7366470359519,16.8005048138974,18.883959695562,17.8851895205613,15.8848122341481,16.4726474018906,15.6457306004893,16.3954284655499,16.4854267021247,16.2088659200738,16.0958758976715,16.0852380728356,16.32036974261,16.2754620490815,19.3033928677705,17.8369995687172,15.5173838573212,17.6967146544617,16.5713801539006,16.063826096412,14.9821959777701,18.1756944097452,17.3159083303707,15.7602648633198,18.2227794707937,15.3266181113661,16.625568642047,18.7755946812711,16.0927286769732,14.9255158377613,12.0157420487727,10.5443079976528,15.6549529523026,14.8418783312017,15.4999014884806,15.1799425230639,17.1827595728048,13.4734975156723,14.8428624968405,17.3673644606159,16.5839727239996,16.2776907683919,12.3035458689326,15.7066041440353,15.0534955139955,18.070513411739,15.3580221562698,16.2163714590321,12.6069848901343,14.6683859662883,16.9906836646691,15.9061052054353,15.2722687843325,16.5552338279437,16.7112891694893,15.8028393143025,15.6462596851983,16.6583582360821,15.6440960114371,16.2603601038674,14.2106448702197,15.2143589731746,14.9990195431642,17.6332096088818,15.0189834965371,15.9158220408539,14.6439889360892,15.417565585464,15.2618735567024,13.5863166621753,16.3456317420581,14.4830434085695,11.7105911715886,17.8682697732362,16.14211841212,15.7258122930327,15.0392565695369,15.4375069469391,13.1265094703882,18.431630400528,16.1517529138211,14.4283929368526,14.5525803248516,12.2594970203599,13.6552577493928,16.0365937693747,15.7472176546978,15.86204170422,12.7127765089014,13.1154069546938,13.8291729180339,17.4974564093657,11.8867800420944,10.6275442774518,13.3490935447704,12.5320064785383,16.0192954503997,13.7506874000099,16.7590677150973,12.3415800079413,11.9961818702431,15.2965750840159,15.5046775403184,9.59711393780971,14.9660036987003,14.2628715496698,12.4763341855295,14.4094464174361,10.2797118742744,13.6722653966493,15.2878768389122,5.78293972051944,7.49155650473325,13.3022037778983,9.98015555543136,10.7254352229737,7.4143192898301,14.3848660820467,7.15054925919323,15.4367245346122,11.4481644273093,10.6092573388224,16.7528215585465,11.155102570028,14.7708444038322,13.717823069689,13.810968579704,13.8758993001043,14.0353114512484,13.5208765341396,11.6372129112835,10.7623830736075,15.5485203066014,10.7849423908806,17.6921356341766,14.6806029169917,15.3676962475387,17.452111468273,18.716751799733,20.2133253761681,14.6178223945217,16.4790509016907,12.758109648614,16.8205682051813,16.4101313158862,17.2047245252758,11.3147738310957,8.67842302414196,11.4343565084526,16.6165108194509,8.57881505314136,6.61532863345317,11.6735647575407,9.68102592893563,9.05395503351436,10.4079490145347,4.03309668367918,10.3372197580928,7.86766929161558,14.9750315975078,8.41735648640852,9.80613910951978,13.0287355546033,9.12128844331862,7.92557589691947,9.58641167376747,4.4142824389521,16.5698663367113,10.3868361677272,8.12325012398443,13.3451385434807,10.7896677847205,18.2785160379164,18.3100883242483,18.5233888816722,14.6850596405627,7.27080035265146,10.2996977491312,2.75003127307825,6.96538407678663,7.08524085290947,10.538973867871,13.6405569121328,15.0977056023814,13.5457597302774,5.48391341927253,12.207806603623,17.0400287925558,347,6.62408001953651,18.7132695820471,14.1537970252577,"tooth1","A","reference vector"
"l17",358,15.7183836302498,17.3,14.3726224232495,13.6749476345946,14.5439385421445,13.6252965518117,11.1115094769511,11.3346945490874,13.7946967916691,11.68261816059,12.755467067329,12.2530532200614,13.6417435384512,14.0660552005984,14.6908054953539,15.0734493169712,13.1264463590151,13.6784697978666,13.3620386452007,15.1295183144602,15.7656494631113,14.2081989954419,13.7724867901699,15.2952884008376,14.0760494124995,14.76490948971,14.7965111145195,13.8858264029224,12.5388133377424,13.8420088333354,13.7012991185484,13.4494563795574,14.0617594655686,14.1792874892715,14.1883331334249,12.8901514525847,14.4889642075922,14.189818810679,10.9478430666484,12.2312240242668,11.9597729393679,11.7153797664769,12.8800068359724,14.9294482309265,14.424617772758,16.2879521421356,13.8535064814376,13.6039800802167,12.5363025637621,13.3833848873022,11.6711183921572,14.9965661914693,14.1861604942478,11.2359669755509,11.7191119869642,13.3081469332249,13.3597086418321,14.8776650736435,13.0104562354791,12.0272716982284,12.0221443034817,12.844604620327,12.126641460021,12.6208045757583,13.7027943884646,11.5532685833462,11.5005715584204,10.6227451837089,11.3172535637793,12.9437156044693,11.3090011852003,12.4803806482921,11.0931792247671,10.3832050917153,13.1131916843705,12.5593297593395,10.9468969195529,11.6901761148126,11.6938641783761,11.693538884628,14.4930167770203,11.7558846858051,11.078545438345,14.0244693713072,10.0100402357474,12.1573523727183,11.9667376563746,11.1583784215609,10.5857641543834,10.5636882502654,13.6077543483773,10.632476713127,13.8931112003741,8.80787591689183,12.6671461566792,13.2112558494653,10.7125514129338,14.471719533432,12.886995734979,11.0178918735357,13.2759474033568,9.98067142458141,14.5002665436247,13.2643732578867,12.2438001431703,11.3513271495578,12.5912768493798,12.5338933740346,13.3647218623401,12.8314320972302,13.8122365564789,13.1565269136231,11.3687153051588,13.4828280854682,14.5384154423115,10.9243687001196,12.2222053413711,15.859118171304,13.1033873011345,11.7140469719538,15.0571069479148,13.98170156645,16.7868278433674,12.9012453427467,14.8776249444447,15.5347592089882,16.6261811191961,13.7563836058864,17.8516794231471,20.0006458574072,20.5658241686083,14.7903708283055,20.0204856462948,14.449672393105,14.0680901943748,16.7319095648953,7.36100700482266,18.1751168858866,14.3798025699497,12.7629119879027,12.2183524396589,15.7388587255631,15.4866953432841,14.2869667601104,16.9718427669502,14.1918167056895,8.9437495194102,18.374470830226,10.7659266796767,11.779965519826,12.4701051356754,10.3609597522099,9.32135782313718,5.11309168294786,12.111494872193,10.0168714566817,15.9873883366398,9.55294101024275,10.6269960567868,8.42289962590187,17.7284174409564,16.1894512718704,12.3649911481726,10.6348998540877,18.2735012913838,18.70481184567,17.7986233844487,23.5291538806944,19.5875174753942,9.01714734031904,17.8319613370455,16.1367288161231,15.2629843696211,13.7538951429987,14.9582709320532,12.4212908909373,13.8234490164939,16.4256629048044,13.8239410198821,14.0056612472822,14.5612743547716,12.2190494408153,13.7839592856108,15.1117365276183,13.3464318460649,13.9328085567809,14.1382992806009,11.6481289443196,11.4526222020161,14.0987377687743,11.4404955464254,13.5153678076978,17.0504329814165,16.9423662331585,15.3988737655441,12.3842694728217,13.5581144810238,11.8575519698783,12.5229864986245,15.8712908802858,13.2572341767722,10.2034913403877,358,9.02475260238949,18.6965533202839,13.4465626884932,"tooth1","A","reference vector"
"l18",389,15.7183836302498,16.5,18.3827930008392,17.7723389948589,17.4263797625937,18.3066708179192,18.3231266259817,17.6599591519802,17.9867380307434,18.8847356020065,17.9330103890535,18.0058900810011,18.2306105754322,17.4434426355708,18.0363644779954,17.4418852552665,18.4182761282572,18.2531455061406,18.8138048022652,18.4658008283639,17.7360673016053,17.9056107480754,18.2268802772189,18.0831112656578,17.1946675640353,17.7943004790601,18.4987381561613,18.5598456180319,18.240841890441,18.6093084921318,18.0079480936659,18.1089379227316,17.9324250452189,18.6513003077701,17.2333162608866,17.2487695062804,18.6750171428553,18.9045801137965,18.3219653239067,17.3377609736245,17.7863004223785,17.485838038525,17.5310180659271,18.3141465953777,17.6327282336976,17.4948562280491,17.8156859196515,17.8929742702011,18.1642891082065,17.3830456941207,17.1325883157511,17.4189522829623,18.6591074133906,17.6065029618042,17.5948844718357,17.6500345204312,17.2228911327012,18.1275351938926,17.6169950030476,17.924847468794,16.8625893834655,17.0684419678192,17.3228182509708,17.0178455435672,16.3440503655836,17.1357355141131,16.6280679790825,17.0365071149696,16.9822782933555,16.1501127743758,16.8254307746357,16.1083510452453,15.9125439642672,16.2029072759824,16.5994819431141,16.9572059112167,17.7505256855921,16.9251755175834,15.2198691020144,14.9711882793203,15.9098791551476,16.8282619550927,16.4430969711075,16.0891441730946,15.3962144980906,16.1478175999367,14.2198445598874,14.5773010720301,16.3387370338074,13.872909395493,13.8759403332374,14.12251693668,14.5525991107479,13.9035328691356,14.938030121514,15.0088082449882,15.0253883933706,15.1903462621972,16.0986107819082,15.2680860764757,14.7284538678657,16.2900517561944,14.9286733610017,15.1339660468363,15.8271675063042,15.5634835211113,15.7066003690685,15.0447677940179,16.0879096668665,15.0496688850951,15.1712493300891,16.1863510816245,14.8954792169721,15.3296314273723,15.5476801712709,15.6002077442344,16.272871248845,16.0747160510602,14.8977675695647,15.6417184126812,15.5126481747015,15.575580582641,15.7039169438288,15.4738324858688,15.1316648633073,14.1385522889494,14.5543636489904,15.1183208026286,14.4408875783433,15.4795094583202,14.7207837330073,15.0953291496768,15.7459569752775,14.8286755858626,15.67715987921,15.9318248598065,14.5700742223671,16.0306609442011,15.788636242953,15.0634010996101,14.3128187059663,15.3468131814645,14.8819605688469,15.0180783334951,15.5755176268069,15.8051066990594,15.7310374322016,16.1968557206456,14.968712570681,15.2805330612635,13.8190114323614,15.4452803937782,14.3799108377284,13.067446011034,14.9468053117474,13.4930502020803,15.5743952423863,15.4721075456646,14.0053286923852,14.7460733679901,15.5419291378714,15.9546294801301,16.017918842856,14.8524299246094,17.3720268861712,15.0407778178539,15.6926335329172,15.5563777647346,15.2537631465935,15.0475155036334,14.2429823352017,13.5179604691875,14.5654084715883,15.0180349990765,14.191564510881,14.8698258222777,14.7685096650145,15.4380870679095,14.560065083024,15.8103975637141,14.9813354160208,15.1329651136707,14.7438997335643,14.540685654732,14.9519338657255,14.3967733517018,14.5631354477216,15.7853807694246,15.1433064799617,14.7425377097987,14.9535256353606,15.0885627507941,13.7331885492638,15.5025024175765,14.1334060443648,15.6763325458217,15.8093124419848,16.4799983462293,15.1889818168282,13.9477816261619,14.4450454993899,14.7079764978919,389,13.8729851689366,18.6502505123792,16.1096366612628,"tooth1","A","reference vector"
"l19",420,15.7183836302498,16.6,18.376093645597,18.1094806735686,18.0687340625204,18.5713191583973,18.3675848103241,17.2563167400263,18.7147062153814,18.5065859696041,18.6292603251416,17.8568279308529,17.9014947113199,17.2259299417212,17.130150455733,17.0049114583692,17.2485327137174,18.5453430699335,17.6488769834189,18.3714771883204,17.8357062742108,17.2442280322323,18.7769905087751,17.4228999133721,17.6872687169264,18.0329678762615,17.9987913121073,18.4039372984711,18.6477151987164,18.4009722173575,18.645285589875,17.507528634454,17.2345537719377,18.4251831702963,18.3715169181886,17.156615599844,18.0678480792634,19.3733770478386,18.9140240416946,18.691475608278,18.2912015229816,18.7481648270324,18.6168867723031,18.7469468431625,18.4456079729437,18.4647681339917,18.5563641792653,17.859929934781,18.6795552015686,18.1695309005781,17.5205947829729,18.0625907485915,18.5900309121286,18.5661615512497,18.9332563658225,18.5370192782132,17.7681796911224,18.4027788428534,18.2500998505644,17.8753339076299,17.4396636077486,17.9473080361004,18.2830850794745,17.9388521090207,17.0877972071823,17.4136769522073,17.1637019428897,17.661046760295,17.6379985795052,17.4993628763132,18.0819308671717,17.4898399599032,17.2733638800939,17.6847506913915,17.5492950463438,17.1125668137724,18.4169027486364,17.7207891112056,17.7021560785617,17.0890362863709,17.5208995969943,16.8042552806735,17.1636815071686,16.8226719201889,17.7087570043409,16.9284951337331,18.086427411911,16.6549908472094,17.1624679523362,16.13640549253,16.5312654506885,15.7227685281282,17.2760124187812,14.6557967453108,16.3364564288842,13.4913405265619,16.1888952664669,17.3294813768274,17.1509777341162,17.339523416818,16.8765986287666,16.5884795181695,16.0171857804395,17.0632638004707,16.6619509832087,16.9342558550389,16.3307626172252,15.9597076794106,16.3406795740216,16.8882966562263,16.3287689889365,16.9977155424054,16.4155656074314,16.5986133460494,16.3428933741982,16.8602588447893,17.6782616503882,17.1630642889799,15.9489466585138,16.8951356693013,16.3799816469154,16.4146996624455,17.4698276139143,16.4375830183133,16.4617925198558,15.5229560227631,15.5052898806828,14.9315597137572,15.6469194605789,16.0136732861669,15.1173849153561,15.209657503454,14.8910621948127,14.2067838610152,15.332713442862,15.3144121495344,15.1889365510951,15.8080227639034,15.6629955195654,14.8964774208547,15.2418472456226,16.0251524554702,15.5515542374683,15.0232995672749,15.566020002544,15.6883031963284,14.464760771807,15.1017904160955,15.2038780559177,16.1731978726244,16.2338330117412,15.3355934706281,13.0107465966581,13.2864707073423,14.4228064322002,14.9014325777906,16.1269738740288,15.8493741051636,15.7978189233121,15.5575585587569,15.2382642508771,14.8902859032199,10.6352277505777,14.8023650970165,11.5213133272732,13.6790792779917,15.9746185984195,15.4569138716969,15.65420962195,15.0381315868017,13.8364464639451,14.6582680792103,15.2628916905351,16.8626058620283,15.9418497762598,15.8042692389525,15.0099459601586,14.8080845289679,15.3309196765538,15.9580988141992,14.1424177204342,12.0563075114546,15.9025930845725,14.2639353579392,15.8435919636924,14.7982166695129,15.3330774794325,16.5576282635972,15.8452259915119,15.0194275206135,15.1462529765412,15.4540921571432,13.2029453868866,16.0017761289325,14.1815136619163,15.7471613598886,16.1083996957186,15.8894310877598,15.0683786348986,14.6010629456949,13.7888204581407,14.668344321418,420,13.2915924528228,18.7461408274679,16.5684679625388,"tooth1","A","reference vector"
"l20",451,15.7183836302498,16.2,18.2074021861298,18.2347158135099,17.2012768175278,17.4856602522803,17.9138863234249,17.0312957627398,17.3694440663218,17.6717370002461,18.1260850345078,18.1901968005189,17.7135916260011,18.0192329571871,17.5295752439194,17.2323876139991,17.6436587386605,18.1287099912281,17.7638958188648,17.3643596087254,17.755716548963,17.2349018020785,18.3597734473159,17.1624948172438,18.1375406432079,17.9311531006197,17.618193470951,18.1437882682487,17.3146644915488,17.1156545836269,17.5166771818975,17.4078294596565,17.2423353675031,17.8745949101785,18.406193983919,16.5019252699409,17.5208302109819,16.9641103270574,18.4763823095739,18.3952579970484,17.6703687564053,18.1600926609167,18.2414144695813,19.0084532458603,18.7222001400166,18.8415960600145,18.3926584072485,17.7456341836307,18.2649945500946,18.7660802191407,17.8288840312004,18.5164803973627,18.5607547453977,18.4332202468007,18.5826965584669,18.5315238913658,19.0337289567766,18.1059687490662,18.1380681963018,17.5475080335138,19.1629683165658,18.2351829432657,18.2183426824157,18.7992192838251,17.717659401897,17.6423032876571,18.5346645094724,17.8739711928782,18.0860848879632,18.1678336604308,18.7051329310778,18.3897797650035,18.1199115670983,17.902334183064,18.0853949100616,17.7337692454622,18.3320131206885,18.471437116909,18.1536804577307,17.9562926426856,17.9442147264485,17.4612294358912,17.8413295528879,17.8392282322616,18.2637673417575,17.8541146903588,18.3715495164229,17.9057028420654,17.159010471779,17.3747826253759,17.9384588749483,18.0043373306651,17.5677778391342,16.8203890906169,17.0061215008709,19.5499615747484,18.9543254112888,18.3193173790768,18.1413337492937,17.4375399669649,17.2490421674587,18.1391309002147,18.4115935209096,19.0184315176724,17.527835927771,17.6998987671553,18.5503289227617,17.4400297758791,17.3850673094728,17.4442628157688,17.2169511863687,18.0983958769646,18.3883162493367,17.2253002679142,17.7936758386681,17.3347840349079,18.7257926996691,17.9798041706565,17.3757510289155,18.359719236588,17.4521298936517,17.4748057593215,16.485469658246,16.7382199020292,17.3029813674235,17.424333776517,17.8138756061721,16.2112459738818,17.3200389643972,17.2055908835,16.6293008812259,16.5577633231963,17.4178929356749,18.5709482729407,17.1799733950711,17.775681539296,16.5828130908913,18.0054700828339,18.5351776441567,15.1494855726238,16.1668642460727,16.7061821798748,16.7475767367233,15.7278156906338,18.1228322094485,17.9031658678346,15.9884264720869,18.3501669978703,16.5009850474444,17.3619771310228,16.9314311817779,16.100989473491,15.8010916864906,16.0780894383558,16.2816905168527,15.9870583286639,17.8957437312835,17.4303453412298,16.8032644361558,15.0249234385068,18.039756307118,17.9330089492611,19.3907476344455,17.5065904829431,16.6617215434727,16.1456284579194,15.8009625666211,15.6306169210542,17.8498073220573,17.5052001941553,15.8852974442359,17.2714415690511,17.5646908285742,16.8706797309413,17.7386497094389,16.2859187462774,17.6162191663845,16.5119304659127,17.0100658834887,17.2254260588482,18.1168709252777,18.6747127104934,16.2241219835896,17.1854481931375,17.6796851893527,16.7123950533571,17.7428320321512,17.0571101733821,16.7517068242712,17.2171888640033,16.2991412133058,17.4310821852761,17.1624367784947,16.1059709026512,17.0756274246797,17.3112807765943,18.0798753521597,16.6757246980247,16.740194444173,16.9628716047617,16.6570776932272,17.5769557634078,451,15.8009657946178,19.007100049996,17.5641233163053,"tooth1","A","reference vector"
"l21",482,15.7183836302498,15.5,18.3713352810527,18.4823861291427,17.1566520078202,17.8102469327622,17.0058861042828,17.1208931337301,16.8482196674914,17.8755070140571,17.8904219759949,17.3070951430792,17.6187041394351,18.4128931717488,17.9241922028653,17.4268337601859,16.9637235324052,17.0418893952184,17.0161116341058,16.8870437061471,16.6427588574536,16.5202487096618,17.2756272273577,16.733610151818,17.7711566164023,17.2290655709865,16.5198954190919,17.2557195058004,15.8552825826758,17.0681560183886,17.2428201738228,17.0369151285365,16.165340369142,17.2836686004839,17.8372617788712,16.8847364365406,17.3492616199472,17.3354602632783,17.5591209138852,18.7703957131975,17.5834111127958,17.6678884847439,17.7443038327395,17.7094940657193,18.5602290187968,18.7325531458749,17.9237142380515,17.9785705862618,17.7795972606001,18.3289887853171,18.406930416413,18.1077653203969,17.8706883176646,17.9491939005157,18.6676151231271,18.5550918611489,18.948777504458,17.2579414457019,17.8685944687503,18.5577060474396,18.4719952909448,18.1734808200916,19.3596731210525,19.0116116733904,17.548268188193,18.6339673716898,18.8619935050381,19.2284666779215,18.7270331560271,18.0457170319796,18.3334942159209,18.9753947928152,19.4077779580221,18.3488014664293,18.4785739040313,19.197278093316,19.2369525912573,17.8776260796608,18.6054423727918,18.7147911896476,18.4460795319832,18.3476953973117,18.9153114172889,19.3704588176536,18.2698286730852,17.4691579814735,18.8529838740783,18.3043925425085,18.4118666265998,18.1453417393063,18.0649992971851,17.5715464187666,18.9720693854714,18.4675179302988,17.8240282801476,19.044050712958,19.2707135865686,18.2077006181817,18.5716299883263,17.8508725122147,18.466555085883,17.425622520267,18.6794650450737,19.5530323184684,17.7328809941338,18.2972133933577,19.6800188532221,18.9762596939342,17.9975173013521,18.4051184835737,17.68272069936,17.8609611299703,18.3940854500104,17.8562159559238,18.2890119613245,18.8258432273352,17.9088249887779,18.0080378805494,17.6374439732448,17.9615443043536,18.3076385794343,18.2342993041804,17.5652703204921,17.7522081812633,17.451354890814,18.2138254254055,17.8379236629441,17.9645885224858,18.2941543880063,17.7147440616971,17.3269014626414,19.2870091280881,17.6201496873236,18.373209510991,19.3712676916231,19.9774009312115,20.6433891640146,17.2244011041405,15.7146276695412,19.302075232022,17.0734282417511,19.17069307784,17.8231102979797,19.3110599987983,17.6320375395607,18.8171678015626,18.1104162583538,18.3425248951918,17.3889017449475,18.4860395135625,18.3569116949555,18.449228683925,19.7458696400143,18.567591744279,18.5153490750436,17.1512431258049,17.9503368905583,17.223871227652,17.6384670152634,17.9030850009577,18.6861674105317,18.3373989777511,18.9993693774544,17.7347534981436,18.5174050331711,17.318678804266,17.2877743227014,16.5032337661064,18.8099407515382,17.7948155146246,16.9942179567509,18.6017189121542,16.9068836270458,18.3530630201714,18.2771514432634,17.458938113535,18.3039988161718,16.4592681163706,17.5137034358056,16.5329718146692,17.9517590204109,18.8709167748334,17.9627601597528,17.1060767173676,17.516783870262,17.6604702858853,18.8650278167605,18.2229528645883,17.8183808594528,18.2383127678782,17.5559312205034,17.5111516157533,19.069763290912,17.3530988548108,18.6628655649657,18.8160196166817,18.4021216155175,17.5336709304575,17.0837660162969,18.0436394107719,18.1553567426965,16.2300737145557,482,16.2358035746011,19.4068652013621,18.0001240498863,"tooth1","A","reference vector"
"l22",513,15.7183836302498,15.1,15.9553038511636,16.6279513428766,16.6443932709132,17.1218502304881,16.3653886401081,15.8296780262091,17.2316085825446,16.3865048453337,16.8013732434541,15.8796892423688,15.6935339580443,16.6342327678275,16.6923099469747,16.0365874418319,15.6345471507461,16.2093410162839,14.925255104626,15.9984984568431,15.7581358233207,15.4373165948953,16.4493019348061,16.2736589554737,16.5713036705946,15.7567530775777,15.4386337339185,15.2813595723192,16.7403636313705,16.1209410619168,15.5860725500109,16.0253017415975,15.7828124333736,15.3453516678487,16.727051798479,16.6241808682656,15.4966895851116,15.1061519500674,16.4629711970873,16.3663118744482,15.6013705947159,15.8510093775978,16.4516875512797,17.1477265327082,18.0213544733579,16.9922983398923,16.9936464842921,17.9458051869987,16.4584983590362,16.9883927346682,16.8823954845552,17.0767411384595,16.6762324060969,16.3753013585996,17.9926271317965,16.7799830975198,17.8295416058263,16.8552525865906,17.3838131509573,17.8412988703631,19.1920459030102,17.9173055216088,19.1830592909663,17.7900549681311,17.7123658731216,19.1598972947556,18.2594921100345,18.73927047627,18.1808157778543,18.3068713226771,19.6499371335673,17.5242310913738,18.5997651445519,17.4055997742938,18.2960349998735,17.7964982179044,18.2006912941942,17.9141408172552,18.1344456919624,18.8558339881017,18.8649557673172,17.5390909265108,18.9155421229633,18.7545949103578,17.4973335958221,17.9684959025249,19.3481305503511,18.3330823149015,18.120310263129,18.5872755356363,18.3694569373212,18.1582210552861,18.50604020226,18.3845389401944,17.9874105068969,18.8528692114177,19.02336785411,18.0819349862951,18.4489086466709,17.1360283988,18.862585046548,18.6940964859114,18.4786526604202,19.4665299567562,18.4689245599638,17.9632599525397,18.6307873923265,18.7042709856018,18.0197074906247,17.9354856875268,18.2117147449745,18.1284222831729,18.4233483267229,18.9211782150018,18.2315186541169,17.8801138663987,18.1732138109825,17.7013927553753,18.826150397579,18.614651373523,18.1439521283138,18.6849791118402,17.824932318984,19.5763110498804,17.8462176188689,19.006488566501,18.5750944382966,18.9229056551727,18.7848225098945,18.8476205618388,18.6748143294535,19.8843373257338,19.1373577878311,16.4882148758301,18.0006178853757,17.0558784947821,17.5232537750346,18.4119238512659,17.4534146230846,18.6524261877594,19.0024842565771,19.6660871747728,17.5347907974061,19.2303713699326,18.8227095359921,19.4002918803373,18.3695243647316,18.3912015946247,19.0939287879584,18.5195078198629,19.1214241372135,18.3578025813733,19.5394846170953,19.6909547834814,18.3791544159205,17.9046693569394,18.0519058290494,18.1382621841142,17.2058953524648,18.6741012698368,18.338913181668,19.2378395381231,19.8768951536538,18.0867370174551,18.5747342819239,18.7289378601318,17.8595374243238,17.0812925356489,17.650633596326,18.5703696076022,17.4107489873487,18.2913397950405,17.8167734730213,18.4345631381709,17.7105163603692,19.1759845483078,18.619445771454,18.0906991213714,18.880420563007,17.4037684784115,18.1645096567442,18.964807924392,17.4210539285398,17.2028643875015,19.14368772233,18.3482624134916,18.8195865264269,19.4931877859765,17.3509136922104,18.2886826799324,18.1790801903724,17.6275147998374,17.7088445204723,17.2934108589511,18.3602015150619,18.8345860246201,19.2761767525979,18.4461276872653,18.0414895449017,17.9956788096499,18.7140819559721,18.7487296317622,513,15.4373495233709,19.5753903890607,17.7914245819347,"tooth1","A","reference vector"
"l23",544,15.7183836302498,15.4,15.2822029763267,14.6510488006135,14.9510542431339,15.51104591051,14.7289369230747,15.1673530850828,15.5536205850391,15.1892840779618,15.6882831084577,15.2667219381339,14.7323197209069,15.1414493696068,15.8908170689455,14.9591712887656,15.1957625125871,15.5042283288042,14.7376688846641,15.5996900356817,15.3724935724551,14.3411891731787,15.4578720808808,15.4586421772484,15.06024301333,14.3833895157099,14.0910388662096,14.1742862466362,15.8788708429763,14.6109638560628,15.6382163518198,14.9162126848664,14.9348487821586,14.0940782525091,15.0204957413897,14.8944656421141,13.4143631194384,14.2856918539024,14.2731411431671,14.8946929243882,14.9391027432963,14.6491480366117,15.4350666908699,15.7241323392922,15.517736550349,15.3903383319024,15.5737034887812,15.5968313382496,14.9039010527614,15.0413195554642,14.6585339083109,15.6883385906871,15.8302105445529,15.1067246489808,15.448224791557,15.072918250461,16.471041435336,15.5937106914007,15.8848506640791,16.4662053483521,16.7593788327297,15.9119768588004,17.5379303711483,16.4465350706763,17.1781367254554,17.8648760137466,17.7263816756371,18.1608248825411,17.8982380360078,16.7799511680871,17.871020817112,17.2792702846116,20.8138657852813,19.1604071275024,18.4090950468173,18.3197332875093,17.1512533411889,17.6091986610992,17.4826883067002,17.8851186153178,18.4807096566795,18.6984593747097,19.3695527831423,17.2270353615684,16.1957725003786,17.2550064577556,18.5248169710182,17.1993363186354,18.0235894239819,18.4093202614243,18.3837354842087,17.5731012113398,17.5040535847218,18.3267253331716,18.1569560939192,18.0769568562253,17.6503772305213,17.6851660394245,17.3097508381543,16.8130776116867,17.8743968183599,17.2053157434494,18.9399357156428,18.3845081184883,17.8288149232703,17.6238308861152,18.9660944205634,17.9959642838223,17.7868851562324,17.1200125689725,18.4780013481872,17.4879066504602,18.1522477953819,17.8895368050532,17.8335172851875,16.3011961479953,16.0189374206828,16.7483820255015,17.6761896815338,16.6805254752948,17.1489818026839,17.4174629164511,17.4155646992902,17.5818688348341,16.8840377482314,17.8464619056046,17.4700145315698,17.6508475794192,17.6970329914585,18.7236951471408,19.0453412821307,19.0371053014773,17.4226873427511,17.4739404211879,18.5740917480922,16.8010287767001,17.2602814898743,20.5282332801396,18.0832673271945,17.5835148567999,19.0872176296728,18.775127773601,18.8463721094955,18.0591277830055,18.4082022835023,18.8530794705057,18.1697242493916,17.6067541545702,17.7473480886652,18.9391784528656,16.9902286326498,17.1885714263839,18.1091986900864,17.4303399987814,18.2115545490205,17.4065412188343,18.4646417553012,17.3724338811818,18.5791257426368,17.843496678336,18.8621921926775,18.6685505686454,18.6596896412443,18.0558859141695,19.2693726281353,19.7218634938053,17.4977902377314,17.7376042962662,17.8101440023163,17.9379226885594,18.0357755699238,17.5824772782949,17.2737457435735,18.5567570051987,17.2028145507104,18.3529358515474,17.839086713412,16.9924159891566,16.1476172555715,16.2822731305859,14.9185310206097,19.2598859385254,18.3607128593917,17.4911335238343,19.268127243667,18.5983118238988,18.0553160569161,18.4978539281529,16.7441289690876,18.849003255638,17.8848809547366,17.9836057733948,17.7747945509004,17.5547225980709,16.8989661490539,17.3850414790905,17.9390722487533,18.3143884583403,17.812242606544,18.9035627370956,20.3425949795934,19.029623066097,544,14.2870792868843,19.2693414935235,17.0754702793344,"tooth1","A","reference vector"
"l24",575,15.7183836302498,15.4,14.0460546789459,13.7865332624984,13.9730322296849,14.6497612648952,13.41913253665,14.7590696727727,14.4763807852424,14.0758566401615,14.8843703909673,13.866520196461,14.0406598935578,14.5190037760431,15.3864752524694,14.4884596409145,14.6740271027032,15.0070971889399,13.9568714691139,15.2571758958989,15.5548196992092,13.9121620973797,14.669018758833,15.2878232586471,14.5582553135509,14.0857885109437,14.0088446276047,14.0911783889579,14.8744061254599,14.3147568514606,14.4742379028241,14.376135461505,13.9317078533089,14.2381861586226,15.2265711971522,14.7745045584058,14.6478529459777,13.8632822841402,13.6996807669478,13.7532840457514,14.2911414517954,13.8469521273227,13.9088085813329,14.0903895635062,13.7261632151694,13.8380448389563,14.3164545562342,13.6022222974862,13.1319104106538,14.8705642741304,13.527684211499,14.740652950943,15.3777531800203,13.477746431241,13.980228949761,14.5076510543617,13.3561876450655,14.9986771729799,13.7303969226836,14.9923627017752,14.8506521986302,15.1008665011177,14.235736680441,13.8130017677143,14.8477308808919,15.3394775912735,14.7910127719911,14.8781699092496,14.912774548195,15.0037261372599,14.834083544278,16.0287411325935,14.3658594867641,15.3929158801017,15.7246165651351,15.5740303246087,13.5429105137717,15.0111742427826,14.6147398393454,15.3343497067332,15.6205888099105,15.4821743141514,16.0252675988791,15.471114060173,14.753020437288,15.4297931316984,15.0100488210345,15.7138813927558,16.5962834268254,16.454425616713,15.9628089949088,16.7657300110979,15.943900592762,16.6804969086547,16.4716996141324,17.1347230562165,15.4062472944561,15.8125053005559,16.6731994728547,15.5499889142758,15.6166254943244,16.0008335816194,17.1102041423904,15.7400226504543,15.6987192585117,15.8235068628722,16.7034952433286,17.809040735936,16.3289197358246,16.0461299965134,16.696344260907,16.2391521116928,16.4457386963946,16.0286762040549,16.0432991635217,15.7494516916292,14.7677205459628,14.4057503027275,16.2133344895059,14.9452203492875,15.7772596296631,15.3948980184143,16.7108693660044,15.5305945537184,15.7101896331723,16.2286490666157,19.2997059974173,15.9519020049912,18.2170854957648,17.5018896692219,18.3129133066724,17.4282130696792,17.9639091507499,16.8385790703189,17.3675069510025,16.4110012117324,14.9609066592953,19.1332728578332,15.7915133674666,16.9274756056598,17.5653019725916,17.2096358872761,17.3326908885137,18.0703106377046,17.1440215168278,15.841603678852,15.3532113469009,17.7624880964606,15.0373064442871,14.4007888372415,16.2078026292169,15.4668629173117,13.4071472910889,13.5290585745561,15.7624415836647,16.0447605231341,16.5490657968478,15.0161076928453,16.1801245062346,14.7859573805755,17.2837715020161,17.6463260138227,17.4854735925289,16.9305483724239,17.9524278011536,18.7408598511624,16.9227036836483,17.5948983698051,16.5461610749993,15.2611467785825,15.5645455157055,17.4269574955439,18.1862356029477,18.2831071696866,18.9553504143573,19.7246499203651,18.314130143528,20.9916583520654,19.7510194752501,18.888684384605,21.469669610717,15.5101775631201,18.2176926065238,19.4674529134155,17.6049307049943,18.4486969484025,14.923515566585,15.5864563144323,15.1204397286452,18.7264315299263,20.2680851124624,17.5601063920289,17.0404646825096,17.0161109439213,15.9290850350835,16.0505420380869,16.3582203815638,16.757490133208,17.9125028817662,17.3160087924732,18.1176536492746,16.0336633732096,575,13.5277185705755,19.4632592405155,15.8149360577501,"tooth1","A","reference vector"
"l25",606,15.7183836302498,16,15.319889781583,14.5263008084156,15.3724931794975,15.8107383923749,14.660700230392,14.9022280265348,15.4575439823317,15.0582888988022,15.5677060016201,15.1923865394504,15.9247758598575,16.3582414916406,15.6974280771185,15.627658675927,15.7443263320332,16.2355814671466,15.19954592174,16.7470516647917,16.6365467257099,15.8223995645002,15.9601096571218,16.0635128663173,16.7412564292694,15.2796980289237,16.4158574150009,14.9974540350987,15.9534108548222,16.1064149004569,16.0813722672786,15.2816882690655,15.812442889187,15.1226323401878,16.7527727991228,16.3121951499868,15.4166891292812,14.7607064617069,14.9523176510227,15.5423383848093,15.8656680954211,14.1895400170558,15.0065157872412,14.9677983620009,15.6309736910647,15.8128302890236,15.211711718072,15.3377250374936,14.6970340557191,16.372998038308,14.4631359891327,16.5035221867564,16.7131972356228,14.9774618709241,14.6400385122444,16.151941081157,15.2427574633322,16.3764698051742,14.725064886586,15.7176700369872,15.4721054254683,16.1639810343588,14.9736597583034,15.080266862999,14.82387431099,14.7926506891315,15.4843641632989,15.2310119149861,14.8817742503223,14.9680080487763,14.7129569341983,16.0441399421981,15.156431056044,15.5568570032164,16.4371356581757,16.0311366316405,15.3678342215884,15.6961459533253,14.5232850004578,15.3332886451054,15.7031538622347,14.6484995294382,15.4180756057441,15.0243345649662,14.9401998526572,15.4595867815793,15.2280106761442,14.846003951762,14.4929050780466,14.4240862663685,15.4965599606779,14.1965994550824,15.2899132067993,14.1038813175664,15.0923605286092,16.0487003824596,14.4628034083344,14.9588842690583,15.6434503585204,14.9347447131395,14.4505126079821,14.5409700786896,15.9733004089385,14.3106441607926,14.0545676356683,14.2710960645251,14.4770969924382,14.8814543692748,14.7488681893714,15.4952290210429,15.1306134372601,14.3803520935604,14.3498115724162,15.2849285166611,15.8824288596167,15.2078165895376,14.6061179984969,14.7342715053685,15.7336388497107,14.1215147330062,14.8069208993214,15.1015780252611,15.152753542064,14.9592289828699,15.2275898650092,12.5813845441453,10.8691225207214,14.867136003221,12.0420028980127,13.7863308212913,15.5089381925782,15.7963799696967,14.6011296271613,15.2563771021555,15.0940066205099,13.4771453437077,13.8842494052655,16.2791993956805,14.9740672437494,14.9741944301795,15.3569728615006,15.1197671274782,15.5380663761273,15.9781307384762,16.4070535953718,14.7858675704039,13.7473727148102,16.322385189703,11.7087091703684,13.1274572118615,15.219579011452,11.6943009897426,10.3805261486752,8.72653910178332,13.7288651455094,12.7799903055698,15.5811771009838,10.4684705985811,12.7763495292151,10.4923231709842,16.1702636880501,14.7754487280573,15.447293271736,14.9442293172301,16.3826114354792,16.7858751245387,16.6043859573656,16.7636398106946,17.2491286348969,18.1191480753475,17.0302096389754,16.4610617077983,15.7770401773416,16.681337266719,14.4988650552928,14.4229368449906,15.423857908546,14.5601976601329,13.7306430485877,14.8699127798016,13.8913140351453,15.1221977878336,15.2303008147144,14.8454189070078,14.813522641212,15.9177594852838,17.0129334828278,16.206372324542,14.6982937799545,16.381138811247,14.4929372503345,14.4209045474873,13.8935717191811,14.6091572413895,13.1672833054825,14.2561591171349,15.053695224371,14.6935138665675,15.1539626447676,15.2910135754541,15.7365892352508,15.3899583916193,606,11.6946611942583,16.7633681354053,15.0775829569773,"tooth1","A","reference vector"
"l26",637,15.7183836302498,16.4,17.0680833232424,15.6521430315458,16.6369736294251,16.7202416898352,15.8430682122734,16.9390999113981,17.4819890979532,17.1341376144388,16.3449288254223,15.8811780530175,17.2130492638544,16.6070020053937,16.6599532611821,16.951246995144,16.6403195520482,16.3419333571363,16.0906738067802,17.2275186677624,16.3592566193199,17.1669448265791,16.429932411522,16.2941672838035,16.947515099983,16.2736042220277,17.3917293325819,16.1094311127926,16.9287110728109,17.1904624355765,15.7245752650382,16.1963604261407,16.2418136898807,15.557026847493,17.1396786839011,16.9622790500259,16.4744188899366,16.0790750199272,15.9988157739591,17.0111507834526,16.9900203467646,15.5521227058386,16.4878167535773,15.7844067367851,16.282738317729,16.9615920791813,16.2894485666336,16.6411158875206,15.6517334764047,16.0322381174041,15.9472778847923,16.6736289133694,17.3734379180163,16.0871086974987,15.5699646832131,16.674666120185,15.6345333155466,17.484219791143,15.7803302984966,17.2293786323001,16.5164385120926,17.4017942798553,15.8133737848951,15.9862559374969,16.3899929892736,16.1105359370573,17.0576984179091,16.6856406383472,16.6740759331556,15.6634904298371,16.8738547569577,16.4652925380858,17.6352927744252,17.2277017307564,17.0855608002269,17.1205917742335,17.4551100572062,16.7032516099416,16.3080357909983,16.6436927420788,16.4635058754341,15.8677998552204,17.4733776771136,16.723463591653,15.9191335970773,16.9325681210578,16.9545311689647,16.3010640478871,16.2006580888426,17.112239170656,15.9273256229079,16.2648436124038,16.6342590063707,16.1982215583749,16.8978790104702,17.0606377883874,16.4985421783691,16.8693408559427,16.074623868585,17.1989686939078,15.6881838562172,16.9854397999493,17.1652332264755,15.9668645481881,15.8242729269904,15.896914938363,16.929076230048,17.3464828251663,16.9255949267883,16.4992677496162,16.5275026604558,15.8506322724443,16.3102367390108,17.2010775690978,17.1445956424931,17.3120657670997,17.0858098255364,15.8783448759123,16.8369984318617,16.505212500839,16.085548977681,15.8097415729147,16.3218079631832,15.9450465911914,15.7586728259124,16.9616310579572,16.4976506866259,16.8634633725586,16.3445100382736,16.7632532727657,17.3225188140137,16.0664866679569,16.6616537448029,15.9975430125146,16.2366693857563,15.7613134122949,17.2698451158345,16.2309580164869,16.121193291866,15.5275091698065,17.2408901222995,15.7634224239961,16.7778548497548,16.8780497874447,16.6888552111943,16.8997471670468,16.4970279226411,16.343384930499,15.9624683637859,16.9185610443939,15.7256472822231,16.7991782115732,17.2393270629363,16.1810691039254,16.7708327410727,17.0275965969031,17.3885396583047,15.5281655858002,17.2361529683505,16.2030059334981,15.7278153468251,16.372086874933,17.3646627619882,16.6164012490759,16.7654557448435,15.7006040282054,16.7013041164047,16.4968726868446,15.6599567043386,16.3964224961278,15.6506826044573,17.0388560946958,16.5350673068749,16.8771747137104,16.7276330391657,16.9928233548861,16.1668231188097,15.7175316767999,16.302153106617,16.8483789723175,16.1525505639887,16.0525588790029,16.8926859140531,16.1472531226148,16.9456904662747,17.4377896392997,17.1769808645068,16.3483764813444,16.5477902234562,17.2277171232251,16.2877059460258,15.7045627031482,17.1683406141989,16.9625674612151,16.2517458541719,16.074740967807,16.7839680996878,16.4185732266939,16.3800202802473,16.0894881427374,16.6913373430433,17.490304407442,637,15.6349370477694,17.4546770467585,16.5293830318535,"tooth1","A","reference vector"
